"path anterior","path final","responsabilidad","feature","layer","decisión aplicada","tests","deuda restante"
"lib/app/backlog_vault_app.dart","lib/app/bootstrap/backlog_vault_app.dart","backlog vault app","app","composition","mover","test/app","ninguna conocida"
"lib/app/router.dart","lib/app/routing/app_router.dart","app router","app","composition","mover","test/app","ninguna conocida"
"lib/app/app_shell.dart","lib/app/routing/app_shell.dart","app shell","app","composition","mover","test/app","ninguna conocida"
"lib/app/theme.dart","lib/app/theme/app_theme.dart","app theme","app","composition","mover","test/app","ninguna conocida"
"lib/core/database/app_database.dart","lib/core/database/app_database.dart","app database","core","core","mantener","test/core","ninguna conocida"
"lib/core/database/app_database.g.dart","lib/core/database/app_database.g.dart","app database.g","core","core","mantener","test/core","generado"
"lib/core/database/database_providers.dart","lib/core/database/database_providers.dart","database providers","core","core","mantener","test/core","ninguna conocida"
"lib/core/database/tables.dart","lib/core/database/tables.dart","tables","core","core","mantener","test/core","ninguna conocida"
"lib/core/design_system/bv_action_card.dart","lib/core/design_system/bv_action_card.dart","bv action card","core","core","mantener","test/core","ninguna conocida"
"lib/core/design_system/bv_breakpoints.dart","lib/core/design_system/bv_breakpoints.dart","bv breakpoints","core","core","mantener","test/core","ninguna conocida"
"lib/core/design_system/bv_chip.dart","lib/core/design_system/bv_chip.dart","bv chip","core","core","mantener","test/core","ninguna conocida"
"lib/core/design_system/bv_danger_zone.dart","lib/core/design_system/bv_danger_zone.dart","bv danger zone","core","core","mantener","test/core","ninguna conocida"
"lib/core/design_system/bv_empty_state.dart","lib/core/design_system/bv_empty_state.dart","bv empty state","core","core","mantener","test/core","ninguna conocida"
"lib/core/design_system/bv_error_state.dart","lib/core/design_system/bv_error_state.dart","bv error state","core","core","mantener","test/core","ninguna conocida"
"lib/core/design_system/bv_key_value_row.dart","lib/core/design_system/bv_key_value_row.dart","bv key value row","core","core","mantener","test/core","ninguna conocida"
"lib/core/design_system/bv_loading_state.dart","lib/core/design_system/bv_loading_state.dart","bv loading state","core","core","mantener","test/core","ninguna conocida"
"lib/core/design_system/bv_page_scaffold.dart","lib/core/design_system/bv_page_scaffold.dart","bv page scaffold","core","core","mantener","test/core","ninguna conocida"
"lib/core/design_system/bv_panel.dart","lib/core/design_system/bv_panel.dart","bv panel","core","core","mantener","test/core","ninguna conocida"
"lib/core/design_system/bv_progress_panel.dart","lib/core/design_system/bv_progress_panel.dart","bv progress panel","core","core","mantener","test/core","ninguna conocida"
"lib/core/design_system/bv_section.dart","lib/core/design_system/bv_section.dart","bv section","core","core","mantener","test/core","ninguna conocida"
"lib/core/design_system/bv_spacing.dart","lib/core/design_system/bv_spacing.dart","bv spacing","core","core","mantener","test/core","ninguna conocida"
"lib/core/design_system/bv_stat_card.dart","lib/core/design_system/bv_stat_card.dart","bv stat card","core","core","mantener","test/core","ninguna conocida"
"lib/core/design_system/bv_status_banner.dart","lib/core/design_system/bv_status_banner.dart","bv status banner","core","core","mantener","test/core","ninguna conocida"
"lib/core/design_system/bv_surface.dart","lib/core/design_system/bv_surface.dart","bv surface","core","core","mantener","test/core","ninguna conocida"
"lib/core/design_system/bv_theme_extension.dart","lib/core/design_system/bv_theme_extension.dart","bv theme extension","core","core","mantener","test/core","ninguna conocida"
"lib/core/design_system/bv_tokens.dart","lib/core/design_system/bv_tokens.dart","bv tokens","core","core","mantener","test/core","ninguna conocida"
"lib/core/design_system/bv_wizard_step.dart","lib/core/design_system/bv_wizard_step.dart","bv wizard step","core","core","mantener","test/core","ninguna conocida"
"lib/core/errors/app_exception.dart","lib/core/errors/app_exception.dart","app exception","core","core","mantener","test/core","ninguna conocida"
"lib/core/formatting/date_formatters.dart","lib/core/formatting/date_formatters.dart","date formatters","core","core","mantener","test/core","ninguna conocida"
"lib/core/ids/id_generator.dart","lib/core/ids/id_generator.dart","id generator","core","core","mantener","test/core","ninguna conocida"
"lib/core/privacy/privacy_redactor.dart","lib/core/privacy/privacy_redactor.dart","privacy redactor","core","core","mantener","test/core","ninguna conocida"
"lib/core/storage/offline_secure_storage_cleanup.dart","lib/core/storage/offline_secure_storage_cleanup.dart","offline secure storage cleanup","core","core","mantener","test/core","ninguna conocida"
"lib/core/time/clock.dart","lib/core/time/clock.dart","clock","core","core","mantener","test/core","ninguna conocida"
"lib/core/version/app_versions.dart","lib/core/version/app_versions.dart","app versions","core","core","mantener","test/core","ninguna conocida"
"lib/core/widgets/dropdown_value_guard.dart","lib/core/widgets/dropdown_value_guard.dart","dropdown value guard","core","core","mantener","test/core","ninguna conocida"
"lib/features/bulk_metadata_import/application/apply_bulk_metadata_plan_use_case.dart","lib/features/bulk_metadata_import/application/apply_bulk_metadata_plan_use_case.dart","apply bulk metadata plan use case","bulk_metadata_import","application","mantener","test/features/bulk_metadata_import","ninguna conocida"
"lib/features/bulk_metadata_import/application/build_bulk_metadata_plan_use_case.dart","lib/features/bulk_metadata_import/application/build_bulk_metadata_plan_use_case.dart","build bulk metadata plan use case","bulk_metadata_import","application","mantener","test/features/bulk_metadata_import","ninguna conocida"
"lib/features/bulk_metadata_import/application/bulk_cover_plan_resolver.dart","lib/features/bulk_metadata_import/application/bulk_cover_plan_resolver.dart","bulk cover plan resolver","bulk_metadata_import","application","refactorizar","test/features/bulk_metadata_import","ninguna conocida"
"lib/features/bulk_metadata_import/application/bulk_import_scope_filter.dart","lib/features/bulk_metadata_import/application/bulk_import_scope_filter.dart","bulk import scope filter","bulk_metadata_import","application","mantener","test/features/bulk_metadata_import","ninguna conocida"
"lib/features/bulk_metadata_import/application/bulk_match_scorer.dart","lib/features/bulk_metadata_import/application/bulk_match_scorer.dart","bulk match scorer","bulk_metadata_import","application","mantener","test/features/bulk_metadata_import","ninguna conocida"
"lib/features/bulk_metadata_import/application/bulk_metadata_diff_builder.dart","lib/features/bulk_metadata_import/application/bulk_metadata_diff_builder.dart","bulk metadata diff builder","bulk_metadata_import","application","mantener","test/features/bulk_metadata_import","ninguna conocida"
"lib/features/bulk_metadata_import/application/bulk_metadata_import_providers.dart","lib/features/bulk_metadata_import/application/bulk_metadata_import_providers.dart","bulk metadata import providers","bulk_metadata_import","application","refactorizar","test/features/bulk_metadata_import","ninguna conocida"
"lib/features/bulk_metadata_import/domain/bulk_metadata_import_models.dart","lib/features/bulk_metadata_import/domain/bulk_metadata_import_models.dart","bulk metadata import models","bulk_metadata_import","domain","mantener","test/features/bulk_metadata_import","ninguna conocida"
"lib/features/bulk_metadata_import/presentation/bulk_metadata_import_page.dart","lib/features/bulk_metadata_import/presentation/bulk_metadata_import_page.dart","bulk metadata import page","bulk_metadata_import","presentation","refactorizar","test/features/bulk_metadata_import","hotspot visual pendiente E5"
"lib/features/catalogs/application/catalog_controller.dart","lib/features/catalogs/application/catalog_controller.dart","catalog controller","catalogs","application","crear","test/features/catalogs","ninguna conocida"
"lib/features/catalogs/data/catalog_repository.dart","lib/features/catalogs/data/catalog_repository.dart","catalog repository","catalogs","data","mantener","test/features/catalogs","ninguna conocida"
"lib/features/catalogs/domain/catalog_item.dart","lib/features/catalogs/domain/catalog_item.dart","catalog item","catalogs","domain","crear","test/features/catalogs","ninguna conocida"
"lib/features/catalogs/domain/catalog_normalizer.dart","lib/features/catalogs/domain/catalog_normalizer.dart","catalog normalizer","catalogs","domain","mantener","test/features/catalogs","ninguna conocida"
"lib/features/games/application/game_form_model.dart","lib/features/games/application/game_form_model.dart","game form model","games","application","mantener","test/features/games","ninguna conocida"
"lib/features/games/application/game_progress_summary.dart","lib/features/games/application/game_progress_summary.dart","game progress summary","games","application","refactorizar","test/features/games","ninguna conocida"
"lib/features/games/application/game_view_models.dart","lib/features/games/application/game_view_models.dart","game view models","games","application","crear","test/features/games","ninguna conocida"
"lib/features/games/application/library_game_details.dart","lib/features/games/application/library_game_details.dart","library game details","games","application","refactorizar","test/features/games","ninguna conocida"
"lib/features/games/data/game_repository.dart","lib/features/games/data/game_repository.dart","game repository","games","data","refactorizar","test/features/games","ninguna conocida"
"lib/features/games/presentation/game_detail_page.dart","lib/features/games/presentation/game_detail_page.dart","game detail page","games","presentation","refactorizar","test/features/games","hotspot visual pendiente E5"
"lib/features/games/presentation/game_form_page.dart","lib/features/games/presentation/game_form_page.dart","game form page","games","presentation","refactorizar","test/features/games","hotspot visual pendiente E5"
"lib/features/import_export/library_export/application/library_export_controller.dart","lib/features/import_export/library_export/application/library_export_controller.dart","library export controller","import_export","application","mantener","test/features/import_export","ninguna conocida"
"lib/features/import_export/library_export/data/library_export_file_saver.dart","lib/features/import_export/library_export/data/library_export_file_saver.dart","library export file saver","import_export","data","mantener","test/features/import_export","ninguna conocida"
"lib/features/import_export/library_export/data/library_export_repository.dart","lib/features/import_export/library_export/data/library_export_repository.dart","library export repository","import_export","data","mantener","test/features/import_export","ninguna conocida"
"lib/features/import_export/library_export/domain/library_export_document.dart","lib/features/import_export/library_export/domain/library_export_document.dart","library export document","import_export","domain","mantener","test/features/import_export","ninguna conocida"
"lib/features/import_export/notion_csv/application/build_import_preview_use_case.dart","lib/features/import_export/notion_csv/application/build_import_preview_use_case.dart","build import preview use case","import_export","application","mantener","test/features/import_export","ninguna conocida"
"lib/features/import_export/notion_csv/application/csv_normalizer.dart","lib/features/import_export/notion_csv/application/csv_normalizer.dart","csv normalizer","import_export","application","mantener","test/features/import_export","ninguna conocida"
"lib/features/import_export/notion_csv/application/detect_notion_csv_mapping_use_case.dart","lib/features/import_export/notion_csv/application/detect_notion_csv_mapping_use_case.dart","detect notion csv mapping use case","import_export","application","mantener","test/features/import_export","ninguna conocida"
"lib/features/import_export/notion_csv/application/duplicate_detector.dart","lib/features/import_export/notion_csv/application/duplicate_detector.dart","duplicate detector","import_export","application","mantener","test/features/import_export","ninguna conocida"
"lib/features/import_export/notion_csv/application/import_notion_csv_use_case.dart","lib/features/import_export/notion_csv/application/import_notion_csv_use_case.dart","import notion csv use case","import_export","application","mantener","test/features/import_export","ninguna conocida"
"lib/features/import_export/notion_csv/application/notion_csv_import_providers.dart","lib/features/import_export/notion_csv/application/notion_csv_import_providers.dart","notion csv import providers","import_export","application","refactorizar","test/features/import_export","ninguna conocida"
"lib/features/import_export/notion_csv/application/parse_csv_file_use_case.dart","lib/features/import_export/notion_csv/application/parse_csv_file_use_case.dart","parse csv file use case","import_export","application","mantener","test/features/import_export","ninguna conocida"
"lib/features/import_export/notion_csv/data/csv_file_picker_service.dart","lib/features/import_export/notion_csv/data/csv_file_picker_service.dart","csv file picker service","import_export","data","mantener","test/features/import_export","ninguna conocida"
"lib/features/import_export/notion_csv/data/csv_parser.dart","lib/features/import_export/notion_csv/data/csv_parser.dart","csv parser","import_export","data","mantener","test/features/import_export","ninguna conocida"
"lib/features/import_export/notion_csv/data/notion_csv_import_repository.dart","lib/features/import_export/notion_csv/data/notion_csv_import_repository.dart","notion csv import repository","import_export","data","mantener","test/features/import_export","ninguna conocida"
"lib/features/import_export/notion_csv/domain/csv_column_mapping.dart","lib/features/import_export/notion_csv/domain/csv_column_mapping.dart","csv column mapping","import_export","domain","mantener","test/features/import_export","ninguna conocida"
"lib/features/import_export/notion_csv/domain/csv_document.dart","lib/features/import_export/notion_csv/domain/csv_document.dart","csv document","import_export","domain","mantener","test/features/import_export","ninguna conocida"
"lib/features/import_export/notion_csv/domain/duplicate_candidate.dart","lib/features/import_export/notion_csv/domain/duplicate_candidate.dart","duplicate candidate","import_export","domain","mantener","test/features/import_export","ninguna conocida"
"lib/features/import_export/notion_csv/domain/existing_game_summary.dart","lib/features/import_export/notion_csv/domain/existing_game_summary.dart","existing game summary","import_export","domain","mantener","test/features/import_export","ninguna conocida"
"lib/features/import_export/notion_csv/domain/import_field.dart","lib/features/import_export/notion_csv/domain/import_field.dart","import field","import_export","domain","mantener","test/features/import_export","ninguna conocida"
"lib/features/import_export/notion_csv/domain/import_issue.dart","lib/features/import_export/notion_csv/domain/import_issue.dart","import issue","import_export","domain","mantener","test/features/import_export","ninguna conocida"
"lib/features/import_export/notion_csv/domain/import_preview.dart","lib/features/import_export/notion_csv/domain/import_preview.dart","import preview","import_export","domain","mantener","test/features/import_export","ninguna conocida"
"lib/features/import_export/notion_csv/domain/import_result.dart","lib/features/import_export/notion_csv/domain/import_result.dart","import result","import_export","domain","mantener","test/features/import_export","ninguna conocida"
"lib/features/import_export/notion_csv/domain/normalized_import_row.dart","lib/features/import_export/notion_csv/domain/normalized_import_row.dart","normalized import row","import_export","domain","mantener","test/features/import_export","ninguna conocida"
"lib/features/import_export/notion_csv/presentation/import_notion_csv_page.dart","lib/features/import_export/notion_csv/presentation/import_notion_csv_page.dart","import notion csv page","import_export","presentation","refactorizar","test/features/import_export","división visual pendiente E5"
"lib/features/library/application/library_default_views.dart","lib/features/library/application/library_default_views.dart","library default views","library","application","mantener","test/features/library","ninguna conocida"
"lib/features/library/application/library_home_summary.dart","lib/features/library/application/library_home_summary.dart","library home summary","library","application","mantener","test/features/library","ninguna conocida"
"lib/features/library/application/library_providers.dart","lib/features/library/application/library_providers.dart","library providers","library","application","crear","test/features/library","ninguna conocida"
"lib/features/library/application/library_responsive_layout.dart","lib/features/library/application/library_responsive_layout.dart","library responsive layout","library","application","mantener","test/features/library","ninguna conocida"
"lib/features/library/application/library_table_processor.dart","lib/features/library/application/library_table_processor.dart","library table processor","library","application","mantener","test/features/library","ninguna conocida"
"lib/features/library/application/library_table_state.dart","lib/features/library/application/library_table_state.dart","library table state","library","application","mantener","test/features/library","ninguna conocida"
"lib/features/library/application/library_table_providers.dart","lib/features/library/application/library_view_model.dart","library view model","library","application","mover","test/features/library","ninguna conocida"
"lib/features/library/data/library_query_repository.dart","lib/features/library/data/library_query_repository.dart","library query repository","library","data","refactorizar","test/features/library","ninguna conocida"
"lib/features/library/data/saved_library_view_repository.dart","lib/features/library/data/saved_library_view_repository.dart","saved library view repository","library","data","refactorizar","test/features/library","ninguna conocida"
"lib/features/library/domain/game_status.dart","lib/features/library/domain/game_status.dart","game status","library","domain","mantener","test/features/library","ninguna conocida"
"lib/features/library/domain/library_column_config.dart","lib/features/library/domain/library_column_config.dart","library column config","library","domain","mantener","test/features/library","ninguna conocida"
"lib/features/library/domain/library_filter_state.dart","lib/features/library/domain/library_filter_state.dart","library filter state","library","domain","mantener","test/features/library","ninguna conocida"
"lib/features/library/domain/library_game_row.dart","lib/features/library/domain/library_game_row.dart","library game row","library","domain","mantener","test/features/library","ninguna conocida"
"lib/features/library/domain/library_layout_mode.dart","lib/features/library/domain/library_layout_mode.dart","library layout mode","library","domain","mantener","test/features/library","ninguna conocida"
"lib/features/library/domain/library_sort_state.dart","lib/features/library/domain/library_sort_state.dart","library sort state","library","domain","mantener","test/features/library","ninguna conocida"
"lib/features/library/domain/library_table_summary.dart","lib/features/library/domain/library_table_summary.dart","library table summary","library","domain","mantener","test/features/library","ninguna conocida"
"lib/features/library/domain/rating.dart","lib/features/library/domain/rating.dart","rating","library","domain","mantener","test/features/library","ninguna conocida"
"lib/features/library/domain/saved_library_view.dart","lib/features/library/domain/saved_library_view.dart","saved library view","library","domain","mantener","test/features/library","ninguna conocida"
"lib/features/library/presentation/game_list_page.dart","lib/features/library/presentation/game_list_page.dart","game list page","library","presentation","refactorizar","test/features/library","hotspot visual pendiente E5"
"lib/features/library/presentation/home_page.dart","lib/features/library/presentation/home_page.dart","home page","library","presentation","refactorizar","test/features/library","ninguna conocida"
"lib/features/library/presentation/widgets/library_catalog_widgets.dart","lib/features/library/presentation/widgets/library_catalog_widgets.dart","library catalog widgets","library","presentation","mantener","test/features/library","división visual pendiente E5"
"lib/features/library/presentation/widgets/library_cover_thumbnail.dart","lib/features/library/presentation/widgets/library_cover_thumbnail.dart","library cover thumbnail","library","presentation","refactorizar","test/features/library","ninguna conocida"
"lib/features/library/presentation/widgets/rating_stars.dart","lib/features/library/presentation/widgets/rating_stars.dart","rating stars","library","presentation","mantener","test/features/library","ninguna conocida"
"lib/features/media/application/media_providers.dart","lib/features/media/application/media_providers.dart","media providers","media","application","refactorizar","test/features/media","ninguna conocida"
"lib/features/media/application/media_use_cases.dart","lib/features/media/application/media_use_cases.dart","media use cases","media","application","refactorizar","test/features/media","ninguna conocida"
"lib/features/media/data/igdb_media_provider.dart","lib/features/media/data/igdb_media_provider.dart","igdb media provider","media","data","refactorizar","test/features/media","ninguna conocida"
"lib/features/media/data/local_cover_picker_service.dart","lib/features/media/data/local_cover_picker_service.dart","local cover picker service","media","data","crear","test/features/media","ninguna conocida"
"lib/features/media/data/media_file_storage.dart","lib/features/media/data/media_file_storage.dart","media file storage","media","data","mantener","test/features/media","ninguna conocida"
"lib/features/media/data/media_repository.dart","lib/features/media/data/media_repository.dart","media repository","media","data","refactorizar","test/features/media","ninguna conocida"
"lib/features/media/data/steamgriddb_api_client.dart","lib/features/media/data/steamgriddb_api_client.dart","steamgriddb api client","media","data","mantener","test/features/media","ninguna conocida"
"lib/features/media/data/steamgriddb_media_provider.dart","lib/features/media/data/steamgriddb_media_provider.dart","steamgriddb media provider","media","data","mantener","test/features/media","ninguna conocida"
"lib/features/media/domain/igdb_cover_mapper.dart","lib/features/media/domain/igdb_cover_mapper.dart","igdb cover mapper","media","domain","crear","test/features/media","ninguna conocida"
"lib/features/media/domain/media_asset_models.dart","lib/features/media/domain/media_asset_models.dart","media asset models","media","domain","mantener","test/features/media","ninguna conocida"
"lib/features/media/domain/media_exception.dart","lib/features/media/domain/media_exception.dart","media exception","media","domain","mantener","test/features/media","ninguna conocida"
"lib/features/media/domain/media_provider.dart","lib/features/media/domain/media_provider.dart","media provider","media","domain","mantener","test/features/media","ninguna conocida"
"lib/features/media/presentation/media_search_dialog.dart","lib/features/media/presentation/media_search_dialog.dart","media search dialog","media","presentation","refactorizar","test/features/media","ninguna conocida"
"lib/features/metadata/application/apply_metadata_use_case.dart","lib/features/metadata/application/apply_metadata_use_case.dart","apply metadata use case","metadata","application","mantener","test/features/metadata","ninguna conocida"
"lib/features/metadata/application/build_metadata_diff_use_case.dart","lib/features/metadata/application/build_metadata_diff_use_case.dart","build metadata diff use case","metadata","application","refactorizar","test/features/metadata","ninguna conocida"
"lib/features/metadata/application/get_metadata_details_use_case.dart","lib/features/metadata/application/get_metadata_details_use_case.dart","get metadata details use case","metadata","application","mantener","test/features/metadata","ninguna conocida"
"lib/features/metadata/application/metadata_providers.dart","lib/features/metadata/application/metadata_providers.dart","metadata providers","metadata","application","refactorizar","test/features/metadata","ninguna conocida"
"lib/features/metadata/application/search_metadata_use_case.dart","lib/features/metadata/application/search_metadata_use_case.dart","search metadata use case","metadata","application","mantener","test/features/metadata","ninguna conocida"
"lib/features/metadata/data/igdb_api_client.dart","lib/features/metadata/data/igdb_api_client.dart","igdb api client","metadata","data","mantener","test/features/metadata","ninguna conocida"
"lib/features/metadata/data/igdb_auth_client.dart","lib/features/metadata/data/igdb_auth_client.dart","igdb auth client","metadata","data","mantener","test/features/metadata","ninguna conocida"
"lib/features/metadata/data/igdb_metadata_provider.dart","lib/features/metadata/data/igdb_metadata_provider.dart","igdb metadata provider","metadata","data","mantener","test/features/metadata","ninguna conocida"
"lib/features/metadata/data/metadata_api_key_storage.dart","lib/features/metadata/data/metadata_api_key_storage.dart","metadata api key storage","metadata","data","mantener","test/features/metadata","ninguna conocida"
"lib/features/metadata/data/metadata_repository.dart","lib/features/metadata/data/metadata_repository.dart","metadata repository","metadata","data","mantener","test/features/metadata","ninguna conocida"
"lib/features/metadata/data/rawg_api_client.dart","lib/features/metadata/data/rawg_api_client.dart","rawg api client","metadata","data","mantener","test/features/metadata","ninguna conocida"
"lib/features/metadata/data/rawg_metadata_provider.dart","lib/features/metadata/data/rawg_metadata_provider.dart","rawg metadata provider","metadata","data","mantener","test/features/metadata","ninguna conocida"
"lib/features/metadata/domain/apply_metadata_request.dart","lib/features/metadata/domain/apply_metadata_request.dart","apply metadata request","metadata","domain","mantener","test/features/metadata","ninguna conocida"
"lib/features/metadata/domain/external_game_details.dart","lib/features/metadata/domain/external_game_details.dart","external game details","metadata","domain","mantener","test/features/metadata","ninguna conocida"
"lib/features/metadata/domain/local_metadata_snapshot.dart","lib/features/metadata/domain/local_metadata_snapshot.dart","local metadata snapshot","metadata","domain","crear","test/features/metadata","ninguna conocida"
"lib/features/metadata/domain/metadata_diff.dart","lib/features/metadata/domain/metadata_diff.dart","metadata diff","metadata","domain","mantener","test/features/metadata","ninguna conocida"
"lib/features/metadata/domain/metadata_exception.dart","lib/features/metadata/domain/metadata_exception.dart","metadata exception","metadata","domain","mantener","test/features/metadata","ninguna conocida"
"lib/features/metadata/domain/metadata_field.dart","lib/features/metadata/domain/metadata_field.dart","metadata field","metadata","domain","mantener","test/features/metadata","ninguna conocida"
"lib/features/metadata/domain/metadata_provider.dart","lib/features/metadata/domain/metadata_provider.dart","metadata provider","metadata","domain","mantener","test/features/metadata","ninguna conocida"
"lib/features/metadata/domain/metadata_search_candidate.dart","lib/features/metadata/domain/metadata_search_candidate.dart","metadata search candidate","metadata","domain","mantener","test/features/metadata","ninguna conocida"
"lib/features/metadata/presentation/metadata_search_dialog.dart","lib/features/metadata/presentation/metadata_search_dialog.dart","metadata search dialog","metadata","presentation","refactorizar","test/features/metadata","división visual pendiente E5"
"lib/features/playthroughs/application/completion_form_model.dart","lib/features/playthroughs/application/completion_form_model.dart","completion form model","playthroughs","application","mantener","test/features/playthroughs","ninguna conocida"
"lib/features/playthroughs/application/playthrough_form_model.dart","lib/features/playthroughs/application/playthrough_form_model.dart","playthrough form model","playthroughs","application","mantener","test/features/playthroughs","ninguna conocida"
"lib/features/playthroughs/data/playthrough_repository.dart","lib/features/playthroughs/data/playthrough_repository.dart","playthrough repository","playthroughs","data","crear","test/features/playthroughs","ninguna conocida"
"lib/features/playthroughs/domain/playthrough_status.dart","lib/features/playthroughs/domain/playthrough_status.dart","playthrough status","playthroughs","domain","mantener","test/features/playthroughs","ninguna conocida"
"lib/features/settings/application/app_language.dart","lib/features/settings/application/app_language.dart","app language","settings","application","mantener","test/features/settings","ninguna conocida"
"lib/features/settings/application/external_credentials_view_model.dart","lib/features/settings/application/external_credentials_view_model.dart","external credentials view model","settings","application","crear","test/features/settings","ninguna conocida"
"lib/features/settings/presentation/settings_page.dart","lib/features/settings/presentation/settings_page.dart","settings page","settings","presentation","refactorizar","test/features/settings","división visual pendiente E5"
"lib/features/statistics/application/library_statistics_calculator.dart","lib/features/statistics/application/library_statistics_calculator.dart","library statistics calculator","statistics","application","mantener","test/features/statistics","ninguna conocida"
"lib/features/statistics/application/statistics_providers.dart","lib/features/statistics/application/statistics_providers.dart","statistics providers","statistics","application","refactorizar","test/features/statistics","ninguna conocida"
"lib/features/statistics/data/statistics_repository.dart","lib/features/statistics/data/statistics_repository.dart","statistics repository","statistics","data","refactorizar","test/features/statistics","ninguna conocida"
"lib/features/statistics/domain/statistics_models.dart","lib/features/statistics/domain/statistics_models.dart","statistics models","statistics","domain","mantener","test/features/statistics","ninguna conocida"
"lib/features/statistics/presentation/statistics_page.dart","lib/features/statistics/presentation/statistics_page.dart","statistics page","statistics","presentation","refactorizar","test/features/statistics","división visual pendiente E5"
"lib/l10n/app_en.arb","lib/l10n/app_en.arb","app en","localization","localization","mantener","suite transversal","ninguna conocida"
"lib/l10n/app_es.arb","lib/l10n/app_es.arb","app es","localization","localization","mantener","suite transversal","ninguna conocida"
"lib/l10n/app_localizations_en.dart","lib/l10n/app_localizations_en.dart","app localizations en","localization","localization","mantener","suite transversal","generado"
"lib/l10n/app_localizations_es.dart","lib/l10n/app_localizations_es.dart","app localizations es","localization","localization","mantener","suite transversal","generado"
"lib/l10n/app_localizations.dart","lib/l10n/app_localizations.dart","app localizations","localization","localization","mantener","suite transversal","generado"
"lib/l10n/domain_localizations.dart","lib/l10n/domain_localizations.dart","domain localizations","localization","localization","mantener","suite transversal","ninguna conocida"
"lib/l10n/l10n.dart","lib/l10n/l10n.dart","l10n","localization","localization","mantener","suite transversal","ninguna conocida"
"lib/main.dart","lib/main.dart","main","root","bootstrap","refactorizar","suite transversal","ninguna conocida"
