"path anterior","path final","líneas","responsabilidad","feature","layer","decisión aplicada","tests","deuda restante"
"lib/app/bootstrap/backlog_vault_app.dart","lib/app/bootstrap/backlog_vault_app.dart","31","backlog vault app","app","composition","mantener","test/app; test/architecture","ninguna conocida"
"lib/app/routing/app_router.dart","lib/app/routing/app_router.dart","66","app router","app","composition","mantener","test/app; test/architecture","ninguna conocida"
"lib/app/routing/app_shell.dart","lib/app/routing/app_shell.dart","108","app shell","app","composition","centralizar breakpoint","test/app; test/architecture","ninguna conocida"
"lib/app/theme/app_theme.dart","lib/app/theme/app_theme.dart","334","app theme","app","composition","mantener","test/app; test/architecture","ninguna conocida"
"lib/core/database/app_database.dart","lib/core/database/app_database.dart","113","app database","core","core","mantener","test/core; test/architecture","ninguna conocida"
"lib/core/database/app_database.g.dart","lib/core/database/app_database.g.dart","9936","app database.g","core","core","mantener","test/core; test/architecture","generado; no editar manualmente"
"lib/core/database/database_providers.dart","lib/core/database/database_providers.dart","7","database providers","core","core","mantener","test/core; test/architecture","ninguna conocida"
"lib/core/database/tables.dart","lib/core/database/tables.dart","129","tables","core","core","mantener","test/core; test/architecture","ninguna conocida"
"lib/core/design_system/bv_action_card.dart","lib/core/design_system/bv_action_card.dart","103","bv action card","core","core","mantener","test/core; test/architecture","ninguna conocida"
"N/A","lib/core/design_system/bv_async_action_button.dart","54","bv async action button","core","core","crear componente compartido con consumidores reales","test/core; test/architecture","ninguna conocida"
"lib/core/design_system/bv_breakpoints.dart","lib/core/design_system/bv_breakpoints.dart","15","bv breakpoints","core","core","mantener","test/core; test/architecture","ninguna conocida"
"lib/core/design_system/bv_chip.dart","lib/core/design_system/bv_chip.dart","107","bv chip","core","core","mantener","test/core; test/architecture","ninguna conocida"
"lib/core/design_system/bv_danger_zone.dart","lib/core/design_system/bv_danger_zone.dart","45","bv danger zone","core","core","mantener","test/core; test/architecture","ninguna conocida"
"lib/core/design_system/bv_empty_state.dart","lib/core/design_system/bv_empty_state.dart","66","bv empty state","core","core","mantener","test/core; test/architecture","ninguna conocida"
"lib/core/design_system/bv_error_state.dart","lib/core/design_system/bv_error_state.dart","72","bv error state","core","core","mantener","test/core; test/architecture","ninguna conocida"
"N/A","lib/core/design_system/bv_feedback.dart","13","bv feedback","core","core","crear componente compartido con consumidores reales","test/core; test/architecture","ninguna conocida"
"lib/core/design_system/bv_key_value_row.dart","lib/core/design_system/bv_key_value_row.dart","53","bv key value row","core","core","mantener","test/core; test/architecture","ninguna conocida"
"N/A","lib/core/design_system/bv_layout.dart","8","bv layout","core","core","crear componente compartido con consumidores reales","test/core; test/architecture","ninguna conocida"
"lib/core/design_system/bv_loading_state.dart","lib/core/design_system/bv_loading_state.dart","33","bv loading state","core","core","mantener","test/core; test/architecture","ninguna conocida"
"lib/core/design_system/bv_page_scaffold.dart","lib/core/design_system/bv_page_scaffold.dart","43","bv page scaffold","core","core","mantener","test/core; test/architecture","ninguna conocida"
"lib/core/design_system/bv_panel.dart","lib/core/design_system/bv_panel.dart","31","bv panel","core","core","mantener","test/core; test/architecture","ninguna conocida"
"lib/core/design_system/bv_progress_panel.dart","lib/core/design_system/bv_progress_panel.dart","59","bv progress panel","core","core","mantener","test/core; test/architecture","ninguna conocida"
"lib/core/design_system/bv_section.dart","lib/core/design_system/bv_section.dart","60","bv section","core","core","mantener","test/core; test/architecture","ninguna conocida"
"lib/core/design_system/bv_spacing.dart","lib/core/design_system/bv_spacing.dart","20","bv spacing","core","core","mantener","test/core; test/architecture","ninguna conocida"
"lib/core/design_system/bv_stat_card.dart","lib/core/design_system/bv_stat_card.dart","71","bv stat card","core","core","mantener","test/core; test/architecture","ninguna conocida"
"lib/core/design_system/bv_status_banner.dart","lib/core/design_system/bv_status_banner.dart","85","bv status banner","core","core","mantener","test/core; test/architecture","ninguna conocida"
"lib/core/design_system/bv_surface.dart","lib/core/design_system/bv_surface.dart","60","bv surface","core","core","mantener","test/core; test/architecture","ninguna conocida"
"lib/core/design_system/bv_theme_extension.dart","lib/core/design_system/bv_theme_extension.dart","114","bv theme extension","core","core","mantener","test/core; test/architecture","ninguna conocida"
"lib/core/design_system/bv_tokens.dart","lib/core/design_system/bv_tokens.dart","44","bv tokens","core","core","mantener","test/core; test/architecture","ninguna conocida"
"lib/core/design_system/bv_wizard_step.dart","lib/core/design_system/bv_wizard_step.dart","54","bv wizard step","core","core","mantener","test/core; test/architecture","ninguna conocida"
"lib/core/errors/app_exception.dart","lib/core/errors/app_exception.dart","6","app exception","core","core","mantener","test/core; test/architecture","ninguna conocida"
"lib/core/formatting/date_formatters.dart","lib/core/formatting/date_formatters.dart","6","date formatters","core","core","mantener","test/core; test/architecture","ninguna conocida"
"lib/core/ids/id_generator.dart","lib/core/ids/id_generator.dart","7","id generator","core","core","mantener","test/core; test/architecture","ninguna conocida"
"lib/core/privacy/privacy_redactor.dart","lib/core/privacy/privacy_redactor.dart","53","privacy redactor","core","core","mantener","test/core; test/architecture","ninguna conocida"
"lib/core/storage/offline_secure_storage_cleanup.dart","lib/core/storage/offline_secure_storage_cleanup.dart","53","offline secure storage cleanup","core","core","mantener","test/core; test/architecture","ninguna conocida"
"lib/core/time/clock.dart","lib/core/time/clock.dart","5","clock","core","core","mantener","test/core; test/architecture","ninguna conocida"
"lib/core/version/app_versions.dart","lib/core/version/app_versions.dart","3","app versions","core","core","mantener","test/core; test/architecture","ninguna conocida"
"lib/core/widgets/dropdown_value_guard.dart","lib/core/widgets/dropdown_value_guard.dart","8","dropdown value guard","core","core","mantener","test/core; test/architecture","ninguna conocida"
"lib/features/bulk_metadata_import/application/apply_bulk_metadata_plan_use_case.dart","lib/features/bulk_metadata_import/application/apply_bulk_metadata_plan_use_case.dart","199","apply bulk metadata plan use case","bulk_metadata_import","application","mantener","test/features/bulk_metadata_import; test/architecture","ninguna conocida"
"lib/features/bulk_metadata_import/application/build_bulk_metadata_plan_use_case.dart","lib/features/bulk_metadata_import/application/build_bulk_metadata_plan_use_case.dart","359","build bulk metadata plan use case","bulk_metadata_import","application","mantener","test/features/bulk_metadata_import; test/architecture","ninguna conocida"
"lib/features/bulk_metadata_import/application/bulk_cover_plan_resolver.dart","lib/features/bulk_metadata_import/application/bulk_cover_plan_resolver.dart","144","bulk cover plan resolver","bulk_metadata_import","application","mantener","test/features/bulk_metadata_import; test/architecture","ninguna conocida"
"lib/features/bulk_metadata_import/application/bulk_import_scope_filter.dart","lib/features/bulk_metadata_import/application/bulk_import_scope_filter.dart","30","bulk import scope filter","bulk_metadata_import","application","mantener","test/features/bulk_metadata_import; test/architecture","ninguna conocida"
"lib/features/bulk_metadata_import/application/bulk_match_scorer.dart","lib/features/bulk_metadata_import/application/bulk_match_scorer.dart","149","bulk match scorer","bulk_metadata_import","application","mantener","test/features/bulk_metadata_import; test/architecture","ninguna conocida"
"lib/features/bulk_metadata_import/application/bulk_metadata_diff_builder.dart","lib/features/bulk_metadata_import/application/bulk_metadata_diff_builder.dart","170","bulk metadata diff builder","bulk_metadata_import","application","mantener","test/features/bulk_metadata_import; test/architecture","ninguna conocida"
"lib/features/bulk_metadata_import/application/bulk_metadata_import_providers.dart","lib/features/bulk_metadata_import/application/bulk_metadata_import_providers.dart","88","bulk metadata import providers","bulk_metadata_import","application","mantener","test/features/bulk_metadata_import; test/architecture","ninguna conocida"
"lib/features/bulk_metadata_import/domain/bulk_metadata_import_models.dart","lib/features/bulk_metadata_import/domain/bulk_metadata_import_models.dart","419","bulk metadata import models","bulk_metadata_import","domain","mantener","test/features/bulk_metadata_import; test/architecture","ninguna conocida"
"lib/features/bulk_metadata_import/presentation/bulk_metadata_import_page.dart","lib/features/bulk_metadata_import/presentation/bulk_metadata_import_page.dart","499","bulk metadata import page","bulk_metadata_import","presentation","reducir a shell/coordinación","test/features/bulk_metadata_import; test/architecture","coordinación de cuatro etapas; mantener monitoreado"
"lib/features/bulk_metadata_import/presentation/bulk_metadata_import_page.dart","lib/features/bulk_metadata_import/presentation/parts/bulk_apply_confirmation.dart","79","bulk apply confirmation","bulk_metadata_import","presentation","dividir por sección visual cohesiva","test/features/bulk_metadata_import; test/architecture","ninguna conocida"
"lib/features/bulk_metadata_import/presentation/bulk_metadata_import_page.dart","lib/features/bulk_metadata_import/presentation/parts/bulk_options.dart","353","bulk options","bulk_metadata_import","presentation","dividir por sección visual cohesiva","test/features/bulk_metadata_import; test/architecture","ninguna conocida"
"lib/features/bulk_metadata_import/presentation/bulk_metadata_import_page.dart","lib/features/bulk_metadata_import/presentation/parts/bulk_preview.dart","576","bulk preview","bulk_metadata_import","presentation","dividir por sección visual cohesiva","test/features/bulk_metadata_import; test/architecture","preview complejo pero cohesivo; candidato E6 sólo con métricas"
"lib/features/bulk_metadata_import/presentation/bulk_metadata_import_page.dart","lib/features/bulk_metadata_import/presentation/parts/bulk_result.dart","234","bulk result","bulk_metadata_import","presentation","dividir por sección visual cohesiva","test/features/bulk_metadata_import; test/architecture","ninguna conocida"
"lib/features/catalogs/application/catalog_controller.dart","lib/features/catalogs/application/catalog_controller.dart","41","catalog controller","catalogs","application","mantener","test/features/catalogs; test/architecture","ninguna conocida"
"lib/features/catalogs/data/catalog_repository.dart","lib/features/catalogs/data/catalog_repository.dart","325","catalog repository","catalogs","data","mantener","test/features/catalogs; test/architecture","ninguna conocida"
"lib/features/catalogs/domain/catalog_item.dart","lib/features/catalogs/domain/catalog_item.dart","17","catalog item","catalogs","domain","mantener","test/features/catalogs; test/architecture","ninguna conocida"
"lib/features/catalogs/domain/catalog_normalizer.dart","lib/features/catalogs/domain/catalog_normalizer.dart","84","catalog normalizer","catalogs","domain","mantener","test/features/catalogs; test/architecture","ninguna conocida"
"lib/features/games/application/game_form_model.dart","lib/features/games/application/game_form_model.dart","42","game form model","games","application","mantener","test/features/games; test/architecture","ninguna conocida"
"lib/features/games/application/game_progress_summary.dart","lib/features/games/application/game_progress_summary.dart","52","game progress summary","games","application","mantener","test/features/games; test/architecture","ninguna conocida"
"lib/features/games/application/game_view_models.dart","lib/features/games/application/game_view_models.dart","129","game view models","games","application","mantener","test/features/games; test/architecture","ninguna conocida"
"lib/features/games/application/library_game_details.dart","lib/features/games/application/library_game_details.dart","100","library game details","games","application","mantener","test/features/games; test/architecture","ninguna conocida"
"lib/features/games/data/game_repository.dart","lib/features/games/data/game_repository.dart","572","game repository","games","data","mantener","test/features/games; test/architecture","ninguna conocida"
"lib/features/games/presentation/game_detail_page.dart","lib/features/games/presentation/game_detail_page.dart","161","game detail page","games","presentation","reducir a shell/coordinación","test/features/games; test/architecture","ninguna conocida"
"lib/features/games/presentation/game_form_page.dart","lib/features/games/presentation/game_form_page.dart","631","game form page","games","presentation","reducir a shell/coordinación","test/features/games; test/architecture","shell cohesivo aún grande; revisar sólo con cambio funcional"
"lib/features/games/presentation/game_detail_page.dart","lib/features/games/presentation/parts/game_detail_actions.dart","173","game detail actions","games","presentation","dividir por sección visual cohesiva","test/features/games; test/architecture","ninguna conocida"
"lib/features/games/presentation/game_detail_page.dart","lib/features/games/presentation/parts/game_detail_sections.dart","544","game detail sections","games","presentation","dividir por sección visual cohesiva","test/features/games; test/architecture","secciones visuales cohesivas; revisar sólo si crecen"
"lib/features/games/presentation/game_form_page.dart","lib/features/games/presentation/parts/game_form_metadata.dart","457","game form metadata","games","presentation","dividir por sección visual cohesiva","test/features/games; test/architecture","ninguna conocida"
"lib/features/games/presentation/game_form_page.dart","lib/features/games/presentation/parts/game_form_sections.dart","356","game form sections","games","presentation","dividir por sección visual cohesiva","test/features/games; test/architecture","ninguna conocida"
"lib/features/games/presentation/game_detail_page.dart","lib/features/games/presentation/parts/playthrough_dialogs.dart","380","playthrough dialogs","games","presentation","dividir por sección visual cohesiva","test/features/games; test/architecture","ninguna conocida"
"lib/features/import_export/library_export/application/library_export_controller.dart","lib/features/import_export/library_export/application/library_export_controller.dart","54","library export controller","import_export","application","mantener","test/features/import_export; test/architecture","ninguna conocida"
"lib/features/import_export/library_export/data/library_export_file_saver.dart","lib/features/import_export/library_export/data/library_export_file_saver.dart","37","library export file saver","import_export","data","mantener","test/features/import_export; test/architecture","ninguna conocida"
"lib/features/import_export/library_export/data/library_export_repository.dart","lib/features/import_export/library_export/data/library_export_repository.dart","248","library export repository","import_export","data","mantener","test/features/import_export; test/architecture","ninguna conocida"
"lib/features/import_export/library_export/domain/library_export_document.dart","lib/features/import_export/library_export/domain/library_export_document.dart","118","library export document","import_export","domain","mantener","test/features/import_export; test/architecture","ninguna conocida"
"lib/features/import_export/notion_csv/application/build_import_preview_use_case.dart","lib/features/import_export/notion_csv/application/build_import_preview_use_case.dart","201","build import preview use case","import_export","application","mantener","test/features/import_export; test/architecture","ninguna conocida"
"lib/features/import_export/notion_csv/application/csv_normalizer.dart","lib/features/import_export/notion_csv/application/csv_normalizer.dart","243","csv normalizer","import_export","application","mantener","test/features/import_export; test/architecture","ninguna conocida"
"lib/features/import_export/notion_csv/application/detect_notion_csv_mapping_use_case.dart","lib/features/import_export/notion_csv/application/detect_notion_csv_mapping_use_case.dart","60","detect notion csv mapping use case","import_export","application","mantener","test/features/import_export; test/architecture","ninguna conocida"
"lib/features/import_export/notion_csv/application/duplicate_detector.dart","lib/features/import_export/notion_csv/application/duplicate_detector.dart","69","duplicate detector","import_export","application","mantener","test/features/import_export; test/architecture","ninguna conocida"
"lib/features/import_export/notion_csv/application/import_notion_csv_use_case.dart","lib/features/import_export/notion_csv/application/import_notion_csv_use_case.dart","10","import notion csv use case","import_export","application","mantener","test/features/import_export; test/architecture","ninguna conocida"
"lib/features/import_export/notion_csv/application/notion_csv_import_providers.dart","lib/features/import_export/notion_csv/application/notion_csv_import_providers.dart","96","notion csv import providers","import_export","application","mantener","test/features/import_export; test/architecture","ninguna conocida"
"lib/features/import_export/notion_csv/application/parse_csv_file_use_case.dart","lib/features/import_export/notion_csv/application/parse_csv_file_use_case.dart","19","parse csv file use case","import_export","application","mantener","test/features/import_export; test/architecture","ninguna conocida"
"lib/features/import_export/notion_csv/data/csv_file_picker_service.dart","lib/features/import_export/notion_csv/data/csv_file_picker_service.dart","37","csv file picker service","import_export","data","mantener","test/features/import_export; test/architecture","ninguna conocida"
"lib/features/import_export/notion_csv/data/csv_parser.dart","lib/features/import_export/notion_csv/data/csv_parser.dart","126","csv parser","import_export","data","mantener","test/features/import_export; test/architecture","ninguna conocida"
"lib/features/import_export/notion_csv/data/notion_csv_import_repository.dart","lib/features/import_export/notion_csv/data/notion_csv_import_repository.dart","257","notion csv import repository","import_export","data","mantener","test/features/import_export; test/architecture","ninguna conocida"
"lib/features/import_export/notion_csv/domain/csv_column_mapping.dart","lib/features/import_export/notion_csv/domain/csv_column_mapping.dart","23","csv column mapping","import_export","domain","mantener","test/features/import_export; test/architecture","ninguna conocida"
"lib/features/import_export/notion_csv/domain/csv_document.dart","lib/features/import_export/notion_csv/domain/csv_document.dart","24","csv document","import_export","domain","mantener","test/features/import_export; test/architecture","ninguna conocida"
"lib/features/import_export/notion_csv/domain/duplicate_candidate.dart","lib/features/import_export/notion_csv/domain/duplicate_candidate.dart","13","duplicate candidate","import_export","domain","mantener","test/features/import_export; test/architecture","ninguna conocida"
"lib/features/import_export/notion_csv/domain/existing_game_summary.dart","lib/features/import_export/notion_csv/domain/existing_game_summary.dart","10","existing game summary","import_export","domain","mantener","test/features/import_export; test/architecture","ninguna conocida"
"lib/features/import_export/notion_csv/domain/import_field.dart","lib/features/import_export/notion_csv/domain/import_field.dart","27","import field","import_export","domain","mantener","test/features/import_export; test/architecture","ninguna conocida"
"lib/features/import_export/notion_csv/domain/import_issue.dart","lib/features/import_export/notion_csv/domain/import_issue.dart","13","import issue","import_export","domain","mantener","test/features/import_export; test/architecture","ninguna conocida"
"lib/features/import_export/notion_csv/domain/import_preview.dart","lib/features/import_export/notion_csv/domain/import_preview.dart","18","import preview","import_export","domain","mantener","test/features/import_export; test/architecture","ninguna conocida"
"lib/features/import_export/notion_csv/domain/import_result.dart","lib/features/import_export/notion_csv/domain/import_result.dart","16","import result","import_export","domain","mantener","test/features/import_export; test/architecture","ninguna conocida"
"lib/features/import_export/notion_csv/domain/normalized_import_row.dart","lib/features/import_export/notion_csv/domain/normalized_import_row.dart","66","normalized import row","import_export","domain","mantener","test/features/import_export; test/architecture","ninguna conocida"
"lib/features/import_export/notion_csv/presentation/import_notion_csv_page.dart","lib/features/import_export/notion_csv/presentation/import_notion_csv_page.dart","188","import notion csv page","import_export","presentation","reducir a shell/coordinación","test/features/import_export; test/architecture","ninguna conocida"
"lib/features/import_export/notion_csv/presentation/import_notion_csv_page.dart","lib/features/import_export/notion_csv/presentation/parts/csv_file_step.dart","56","csv file step","import_export","presentation","dividir por sección visual cohesiva","test/features/import_export; test/architecture","ninguna conocida"
"lib/features/import_export/notion_csv/presentation/import_notion_csv_page.dart","lib/features/import_export/notion_csv/presentation/parts/csv_mapping_step.dart","61","csv mapping step","import_export","presentation","dividir por sección visual cohesiva","test/features/import_export; test/architecture","ninguna conocida"
"lib/features/import_export/notion_csv/presentation/import_notion_csv_page.dart","lib/features/import_export/notion_csv/presentation/parts/csv_preview_step.dart","165","csv preview step","import_export","presentation","dividir por sección visual cohesiva","test/features/import_export; test/architecture","ninguna conocida"
"lib/features/import_export/notion_csv/presentation/import_notion_csv_page.dart","lib/features/import_export/notion_csv/presentation/parts/csv_result_step.dart","69","csv result step","import_export","presentation","dividir por sección visual cohesiva","test/features/import_export; test/architecture","ninguna conocida"
"lib/features/library/application/library_default_views.dart","lib/features/library/application/library_default_views.dart","58","library default views","library","application","mantener","test/features/library; test/architecture","ninguna conocida"
"lib/features/library/application/library_home_summary.dart","lib/features/library/application/library_home_summary.dart","91","library home summary","library","application","mantener","test/features/library; test/architecture","ninguna conocida"
"lib/features/library/application/library_providers.dart","lib/features/library/application/library_providers.dart","14","library providers","library","application","mantener","test/features/library; test/architecture","ninguna conocida"
"lib/features/library/application/library_responsive_layout.dart","lib/features/library/application/library_responsive_layout.dart","14","library responsive layout","library","application","mantener","test/features/library; test/architecture","ninguna conocida"
"lib/features/library/application/library_table_processor.dart","lib/features/library/application/library_table_processor.dart","178","library table processor","library","application","mantener","test/features/library; test/architecture","ninguna conocida"
"lib/features/library/application/library_table_state.dart","lib/features/library/application/library_table_state.dart","49","library table state","library","application","mantener","test/features/library; test/architecture","ninguna conocida"
"lib/features/library/application/library_view_model.dart","lib/features/library/application/library_view_model.dart","62","library view model","library","application","mantener","test/features/library; test/architecture","ninguna conocida"
"lib/features/library/data/library_query_repository.dart","lib/features/library/data/library_query_repository.dart","229","library query repository","library","data","mantener","test/features/library; test/architecture","ninguna conocida"
"lib/features/library/data/saved_library_view_repository.dart","lib/features/library/data/saved_library_view_repository.dart","108","saved library view repository","library","data","mantener","test/features/library; test/architecture","ninguna conocida"
"lib/features/library/domain/game_status.dart","lib/features/library/domain/game_status.dart","62","game status","library","domain","mantener","test/features/library; test/architecture","ninguna conocida"
"lib/features/library/domain/library_column_config.dart","lib/features/library/domain/library_column_config.dart","98","library column config","library","domain","mantener","test/features/library; test/architecture","ninguna conocida"
"lib/features/library/domain/library_filter_state.dart","lib/features/library/domain/library_filter_state.dart","204","library filter state","library","domain","mantener","test/features/library; test/architecture","ninguna conocida"
"lib/features/library/domain/library_game_row.dart","lib/features/library/domain/library_game_row.dart","46","library game row","library","domain","mantener","test/features/library; test/architecture","ninguna conocida"
"lib/features/library/domain/library_layout_mode.dart","lib/features/library/domain/library_layout_mode.dart","8","library layout mode","library","domain","mantener","test/features/library; test/architecture","ninguna conocida"
"lib/features/library/domain/library_sort_state.dart","lib/features/library/domain/library_sort_state.dart","51","library sort state","library","domain","mantener","test/features/library; test/architecture","ninguna conocida"
"lib/features/library/domain/library_table_summary.dart","lib/features/library/domain/library_table_summary.dart","57","library table summary","library","domain","mantener","test/features/library; test/architecture","ninguna conocida"
"lib/features/library/domain/rating.dart","lib/features/library/domain/rating.dart","9","rating","library","domain","mantener","test/features/library; test/architecture","ninguna conocida"
"lib/features/library/domain/saved_library_view.dart","lib/features/library/domain/saved_library_view.dart","44","saved library view","library","domain","mantener","test/features/library; test/architecture","ninguna conocida"
"lib/features/library/presentation/game_list_page.dart","lib/features/library/presentation/game_list_page.dart","345","game list page","library","presentation","reducir a shell/coordinación","test/features/library; test/architecture","ninguna conocida"
"lib/features/library/presentation/home_page.dart","lib/features/library/presentation/home_page.dart","342","home page","library","presentation","mantener","test/features/library; test/architecture","ninguna conocida"
"lib/features/library/presentation/game_list_page.dart","lib/features/library/presentation/widgets/library_actions.dart","367","library actions","library","presentation","dividir por sección visual cohesiva","test/features/library; test/architecture","ninguna conocida"
"lib/features/library/presentation/widgets/library_catalog_widgets.dart","lib/features/library/presentation/widgets/library_catalog_widgets.dart","26","library catalog widgets","library","presentation","reducir a shell/coordinación","test/features/library; test/architecture","ninguna conocida"
"lib/features/library/presentation/widgets/library_cover_thumbnail.dart","lib/features/library/presentation/widgets/library_cover_thumbnail.dart","58","library cover thumbnail","library","presentation","mantener","test/features/library; test/architecture","ninguna conocida"
"lib/features/library/presentation/game_list_page.dart","lib/features/library/presentation/widgets/library_filter_dialogs.dart","399","library filter dialogs","library","presentation","dividir por sección visual cohesiva","test/features/library; test/architecture","ninguna conocida"
"lib/features/library/presentation/widgets/library_catalog_widgets.dart","lib/features/library/presentation/widgets/library_filter_sidebar.dart","253","library filter sidebar","library","presentation","dividir por sección visual cohesiva","test/features/library; test/architecture","ninguna conocida"
"lib/features/library/presentation/widgets/library_catalog_widgets.dart","lib/features/library/presentation/widgets/library_grid_widgets.dart","183","library grid widgets","library","presentation","dividir por sección visual cohesiva","test/features/library; test/architecture","ninguna conocida"
"lib/features/library/presentation/widgets/library_catalog_widgets.dart","lib/features/library/presentation/widgets/library_list_widgets.dart","150","library list widgets","library","presentation","dividir por sección visual cohesiva","test/features/library; test/architecture","ninguna conocida"
"lib/features/library/presentation/game_list_page.dart","lib/features/library/presentation/widgets/library_results.dart","242","library results","library","presentation","dividir por sección visual cohesiva","test/features/library; test/architecture","ninguna conocida"
"lib/features/library/presentation/widgets/library_catalog_widgets.dart","lib/features/library/presentation/widgets/library_summary_widgets.dart","116","library summary widgets","library","presentation","dividir por sección visual cohesiva","test/features/library; test/architecture","ninguna conocida"
"lib/features/library/presentation/game_list_page.dart","lib/features/library/presentation/widgets/library_toolbar.dart","364","library toolbar","library","presentation","dividir por sección visual cohesiva","test/features/library; test/architecture","ninguna conocida"
"lib/features/library/presentation/widgets/rating_stars.dart","lib/features/library/presentation/widgets/rating_stars.dart","23","rating stars","library","presentation","mantener","test/features/library; test/architecture","ninguna conocida"
"lib/features/media/application/media_providers.dart","lib/features/media/application/media_providers.dart","103","media providers","media","application","mantener","test/features/media; test/architecture","ninguna conocida"
"lib/features/media/application/media_use_cases.dart","lib/features/media/application/media_use_cases.dart","44","media use cases","media","application","mantener","test/features/media; test/architecture","ninguna conocida"
"lib/features/media/data/igdb_media_provider.dart","lib/features/media/data/igdb_media_provider.dart","119","igdb media provider","media","data","mantener","test/features/media; test/architecture","ninguna conocida"
"lib/features/media/data/local_cover_picker_service.dart","lib/features/media/data/local_cover_picker_service.dart","14","local cover picker service","media","data","mantener","test/features/media; test/architecture","ninguna conocida"
"lib/features/media/data/media_file_storage.dart","lib/features/media/data/media_file_storage.dart","148","media file storage","media","data","mantener","test/features/media; test/architecture","ninguna conocida"
"lib/features/media/data/media_repository.dart","lib/features/media/data/media_repository.dart","403","media repository","media","data","mantener","test/features/media; test/architecture","ninguna conocida"
"lib/features/media/data/steamgriddb_api_client.dart","lib/features/media/data/steamgriddb_api_client.dart","199","steamgriddb api client","media","data","mantener","test/features/media; test/architecture","ninguna conocida"
"lib/features/media/data/steamgriddb_media_provider.dart","lib/features/media/data/steamgriddb_media_provider.dart","42","steamgriddb media provider","media","data","mantener","test/features/media; test/architecture","ninguna conocida"
"lib/features/media/domain/igdb_cover_mapper.dart","lib/features/media/domain/igdb_cover_mapper.dart","18","igdb cover mapper","media","domain","mantener","test/features/media; test/architecture","ninguna conocida"
"lib/features/media/domain/media_asset_models.dart","lib/features/media/domain/media_asset_models.dart","104","media asset models","media","domain","mantener","test/features/media; test/architecture","ninguna conocida"
"lib/features/media/domain/media_exception.dart","lib/features/media/domain/media_exception.dart","20","media exception","media","domain","mantener","test/features/media; test/architecture","ninguna conocida"
"lib/features/media/domain/media_provider.dart","lib/features/media/domain/media_provider.dart","9","media provider","media","domain","mantener","test/features/media; test/architecture","ninguna conocida"
"lib/features/media/presentation/media_search_dialog.dart","lib/features/media/presentation/media_search_dialog.dart","330","media search dialog","media","presentation","reducir a shell/coordinación","test/features/media; test/architecture","ninguna conocida"
"lib/features/media/presentation/media_search_dialog.dart","lib/features/media/presentation/parts/media_search_widgets.dart","143","media search widgets","media","presentation","dividir por sección visual cohesiva","test/features/media; test/architecture","ninguna conocida"
"lib/features/metadata/application/apply_metadata_use_case.dart","lib/features/metadata/application/apply_metadata_use_case.dart","9","apply metadata use case","metadata","application","mantener","test/features/metadata; test/architecture","ninguna conocida"
"lib/features/metadata/application/build_metadata_diff_use_case.dart","lib/features/metadata/application/build_metadata_diff_use_case.dart","142","build metadata diff use case","metadata","application","mantener","test/features/metadata; test/architecture","ninguna conocida"
"lib/features/metadata/application/get_metadata_details_use_case.dart","lib/features/metadata/application/get_metadata_details_use_case.dart","9","get metadata details use case","metadata","application","mantener","test/features/metadata; test/architecture","ninguna conocida"
"lib/features/metadata/application/metadata_providers.dart","lib/features/metadata/application/metadata_providers.dart","84","metadata providers","metadata","application","mantener","test/features/metadata; test/architecture","ninguna conocida"
"lib/features/metadata/application/search_metadata_use_case.dart","lib/features/metadata/application/search_metadata_use_case.dart","17","search metadata use case","metadata","application","mantener","test/features/metadata; test/architecture","ninguna conocida"
"lib/features/metadata/data/igdb_api_client.dart","lib/features/metadata/data/igdb_api_client.dart","294","igdb api client","metadata","data","mantener","test/features/metadata; test/architecture","ninguna conocida"
"lib/features/metadata/data/igdb_auth_client.dart","lib/features/metadata/data/igdb_auth_client.dart","115","igdb auth client","metadata","data","mantener","test/features/metadata; test/architecture","ninguna conocida"
"lib/features/metadata/data/igdb_metadata_provider.dart","lib/features/metadata/data/igdb_metadata_provider.dart","71","igdb metadata provider","metadata","data","mantener","test/features/metadata; test/architecture","ninguna conocida"
"lib/features/metadata/data/metadata_api_key_storage.dart","lib/features/metadata/data/metadata_api_key_storage.dart","165","metadata api key storage","metadata","data","mantener","test/features/metadata; test/architecture","ninguna conocida"
"lib/features/metadata/data/metadata_repository.dart","lib/features/metadata/data/metadata_repository.dart","323","metadata repository","metadata","data","mantener","test/features/metadata; test/architecture","ninguna conocida"
"lib/features/metadata/data/rawg_api_client.dart","lib/features/metadata/data/rawg_api_client.dart","216","rawg api client","metadata","data","mantener","test/features/metadata; test/architecture","ninguna conocida"
"lib/features/metadata/data/rawg_metadata_provider.dart","lib/features/metadata/data/rawg_metadata_provider.dart","40","rawg metadata provider","metadata","data","mantener","test/features/metadata; test/architecture","ninguna conocida"
"lib/features/metadata/domain/apply_metadata_request.dart","lib/features/metadata/domain/apply_metadata_request.dart","18","apply metadata request","metadata","domain","mantener","test/features/metadata; test/architecture","ninguna conocida"
"lib/features/metadata/domain/external_game_details.dart","lib/features/metadata/domain/external_game_details.dart","44","external game details","metadata","domain","mantener","test/features/metadata; test/architecture","ninguna conocida"
"lib/features/metadata/domain/local_metadata_snapshot.dart","lib/features/metadata/domain/local_metadata_snapshot.dart","15","local metadata snapshot","metadata","domain","mantener","test/features/metadata; test/architecture","ninguna conocida"
"lib/features/metadata/domain/metadata_diff.dart","lib/features/metadata/domain/metadata_diff.dart","23","metadata diff","metadata","domain","mantener","test/features/metadata; test/architecture","ninguna conocida"
"lib/features/metadata/domain/metadata_exception.dart","lib/features/metadata/domain/metadata_exception.dart","18","metadata exception","metadata","domain","mantener","test/features/metadata; test/architecture","ninguna conocida"
"lib/features/metadata/domain/metadata_field.dart","lib/features/metadata/domain/metadata_field.dart","16","metadata field","metadata","domain","mantener","test/features/metadata; test/architecture","ninguna conocida"
"lib/features/metadata/domain/metadata_provider.dart","lib/features/metadata/domain/metadata_provider.dart","9","metadata provider","metadata","domain","mantener","test/features/metadata; test/architecture","ninguna conocida"
"lib/features/metadata/domain/metadata_search_candidate.dart","lib/features/metadata/domain/metadata_search_candidate.dart","24","metadata search candidate","metadata","domain","mantener","test/features/metadata; test/architecture","ninguna conocida"
"lib/features/metadata/presentation/metadata_search_dialog.dart","lib/features/metadata/presentation/metadata_search_dialog.dart","411","metadata search dialog","metadata","presentation","reducir a shell/coordinación","test/features/metadata; test/architecture","ninguna conocida"
"lib/features/metadata/presentation/metadata_search_dialog.dart","lib/features/metadata/presentation/parts/metadata_search_widgets.dart","195","metadata search widgets","metadata","presentation","dividir por sección visual cohesiva","test/features/metadata; test/architecture","ninguna conocida"
"lib/features/playthroughs/application/completion_form_model.dart","lib/features/playthroughs/application/completion_form_model.dart","24","completion form model","playthroughs","application","mantener","test/features/playthroughs; test/architecture","ninguna conocida"
"lib/features/playthroughs/application/playthrough_form_model.dart","lib/features/playthroughs/application/playthrough_form_model.dart","41","playthrough form model","playthroughs","application","mantener","test/features/playthroughs; test/architecture","ninguna conocida"
"lib/features/playthroughs/data/playthrough_repository.dart","lib/features/playthroughs/data/playthrough_repository.dart","114","playthrough repository","playthroughs","data","mantener","test/features/playthroughs; test/architecture","ninguna conocida"
"lib/features/playthroughs/domain/playthrough_status.dart","lib/features/playthroughs/domain/playthrough_status.dart","16","playthrough status","playthroughs","domain","mantener","test/features/playthroughs; test/architecture","ninguna conocida"
"lib/features/settings/application/app_language.dart","lib/features/settings/application/app_language.dart","42","app language","settings","application","mantener","test/features/settings; test/architecture","ninguna conocida"
"lib/features/settings/application/external_credentials_view_model.dart","lib/features/settings/application/external_credentials_view_model.dart","100","external credentials view model","settings","application","mantener","test/features/settings; test/architecture","ninguna conocida"
"lib/features/settings/presentation/settings_page.dart","lib/features/settings/presentation/parts/settings_sections.dart","207","settings sections","settings","presentation","dividir por sección visual cohesiva","test/features/settings; test/architecture","ninguna conocida"
"lib/features/settings/presentation/settings_page.dart","lib/features/settings/presentation/settings_page.dart","308","settings page","settings","presentation","reducir a shell/coordinación","test/features/settings; test/architecture","ninguna conocida"
"lib/features/statistics/application/library_statistics_calculator.dart","lib/features/statistics/application/library_statistics_calculator.dart","207","library statistics calculator","statistics","application","mantener","test/features/statistics; test/architecture","ninguna conocida"
"lib/features/statistics/application/statistics_providers.dart","lib/features/statistics/application/statistics_providers.dart","12","statistics providers","statistics","application","mantener","test/features/statistics; test/architecture","ninguna conocida"
"lib/features/statistics/data/statistics_repository.dart","lib/features/statistics/data/statistics_repository.dart","26","statistics repository","statistics","data","mantener","test/features/statistics; test/architecture","ninguna conocida"
"lib/features/statistics/domain/statistics_models.dart","lib/features/statistics/domain/statistics_models.dart","130","statistics models","statistics","domain","mantener","test/features/statistics; test/architecture","ninguna conocida"
"lib/features/statistics/presentation/statistics_page.dart","lib/features/statistics/presentation/parts/statistics_breakdowns.dart","189","statistics breakdowns","statistics","presentation","dividir por sección visual cohesiva","test/features/statistics; test/architecture","ninguna conocida"
"lib/features/statistics/presentation/statistics_page.dart","lib/features/statistics/presentation/parts/statistics_dashboard.dart","210","statistics dashboard","statistics","presentation","dividir por sección visual cohesiva","test/features/statistics; test/architecture","ninguna conocida"
"lib/features/statistics/presentation/statistics_page.dart","lib/features/statistics/presentation/parts/statistics_recent.dart","150","statistics recent","statistics","presentation","dividir por sección visual cohesiva","test/features/statistics; test/architecture","ninguna conocida"
"lib/features/statistics/presentation/statistics_page.dart","lib/features/statistics/presentation/statistics_page.dart","94","statistics page","statistics","presentation","reducir a shell/coordinación","test/features/statistics; test/architecture","ninguna conocida"
"lib/l10n/app_localizations_en.dart","lib/l10n/app_localizations_en.dart","1350","app localizations en","l10n","localization","regenerar","test/l10n","generado; no editar manualmente"
"lib/l10n/app_localizations_es.dart","lib/l10n/app_localizations_es.dart","1355","app localizations es","l10n","localization","regenerar","test/l10n","generado; no editar manualmente"
"lib/l10n/app_localizations.dart","lib/l10n/app_localizations.dart","2974","app localizations","l10n","localization","regenerar","test/l10n","generado; no editar manualmente"
"lib/l10n/domain_localizations.dart","lib/l10n/domain_localizations.dart","126","domain localizations","l10n","localization","localizar copy funcional","test/l10n","ninguna conocida"
"lib/l10n/l10n.dart","lib/l10n/l10n.dart","10","l10n","l10n","localization","localizar copy funcional","test/l10n","ninguna conocida"
"lib/main.dart","lib/main.dart","31","main","root","entrypoint","mantener","suite completa","ninguna conocida"
