"path","size_bytes","category","kind","git_state","decision"
".gitignore","843",".gitignore","source_or_config","tracked","retain"
".metadata","1118",".metadata","source_or_config","tracked","retain"
"analysis_options.yaml","127","analysis_options.yaml","source_or_config","tracked","retain"
"android/.gitignore","267","android","platform_source","tracked","retain"
"android/app/build.gradle.kts","1309","android","platform_source","tracked","retain"
"android/app/src/debug/AndroidManifest.xml","385","android","platform_source","tracked","retain"
"android/app/src/main/AndroidManifest.xml","2316","android","platform_source","tracked","retain"
"android/app/src/main/kotlin/dev/backlogvault/app/MainActivity.kt","122","android","platform_source","tracked","retain"
"android/app/src/main/res/drawable-v21/launch_background.xml","450","android","platform_source","tracked","retain"
"android/app/src/main/res/drawable/launch_background.xml","446","android","platform_source","tracked","retain"
"android/app/src/main/res/mipmap-hdpi/ic_launcher.png","544","android","asset_or_fixture","tracked","retain"
"android/app/src/main/res/mipmap-mdpi/ic_launcher.png","442","android","asset_or_fixture","tracked","retain"
"android/app/src/main/res/mipmap-xhdpi/ic_launcher.png","721","android","asset_or_fixture","tracked","retain"
"android/app/src/main/res/mipmap-xxhdpi/ic_launcher.png","1031","android","asset_or_fixture","tracked","retain"
"android/app/src/main/res/mipmap-xxxhdpi/ic_launcher.png","1443","android","asset_or_fixture","tracked","retain"
"android/app/src/main/res/values-night/styles.xml","1013","android","platform_source","tracked","retain"
"android/app/src/main/res/values/styles.xml","1014","android","platform_source","tracked","retain"
"android/app/src/profile/AndroidManifest.xml","385","android","platform_source","tracked","retain"
"android/build.gradle.kts","561","android","platform_source","tracked","retain"
"android/gradle.properties","335","android","platform_source","tracked","retain"
"android/gradle/wrapper/gradle-wrapper.properties","207","android","platform_source","tracked","retain"
"android/settings.gradle.kts","797","android","platform_source","tracked","retain"
"docs/architecture/ADR-001-offline-architecture.md","4427","docs","documentation","tracked","retain"
"docs/architecture/architecture_research.md","7327","docs","documentation","tracked","retain"
"docs/architecture/code_and_commenting_policy.md","4257","docs","documentation","tracked","retain"
"docs/architecture/current_architecture.md","4800","docs","documentation","tracked","retain"
"docs/architecture/dependency_rules.md","2803","docs","documentation","tracked","retain"
"docs/architecture/target_architecture.md","6189","docs","documentation","tracked","retain"
"docs/architecture/target_folder_structure.md","3688","docs","documentation","tracked","retain"
"docs/audit/e1/audit_summary.md","10613","docs","documentation","tracked","retain"
"docs/audit/e1/database_and_migration_audit.md","7934","docs","documentation","tracked","retain"
"docs/audit/e1/dead_code_candidates.md","2565","docs","documentation","tracked","retain"
"docs/audit/e1/dependency_audit.md","6961","docs","documentation","tracked","retain"
"docs/audit/e1/dependency_map.md","3472","docs","documentation","tracked","retain"
"docs/audit/e1/domain_model_audit.md","4737","docs","documentation","tracked","retain"
"docs/audit/e1/git_branch_audit.md","5320","docs","documentation","tracked","retain"
"docs/audit/e1/git_history_size_audit.md","6162","docs","documentation","tracked","retain"
"docs/audit/e1/large_files_and_complexity.md","6275","docs","documentation","tracked","retain"
"docs/audit/e1/repository_file_inventory.csv","247880","docs","documentation","tracked","retain"
"docs/audit/e1/repository_inventory.md","4356","docs","documentation","tracked","retain"
"docs/audit/e1/risk_register.md","3679","docs","documentation","tracked","retain"
"docs/audit/e1/size_baseline.md","9183","docs","documentation","tracked","retain"
"docs/audit/e1/sync_removal_impact.md","7163","docs","documentation","tracked","retain"
"docs/audit/e3/external_provider_review.md","3381","docs","documentation","tracked","retain"
"docs/audit/e4/dead_code_removed.md","982","docs","documentation","tracked","retain"
"docs/audit/e4/dependency_map_after_refactor.md","1925","docs","documentation","tracked","retain"
"docs/audit/e4/refactor_summary.md","2448","docs","documentation","tracked","retain"
"docs/audit/e4/remaining_hotspots.md","1325","docs","documentation","tracked","retain"
"docs/audit/e4/repository_file_inventory_after_refactor.csv","32956","docs","documentation","tracked","retain"
"docs/audit/e5/accessibility_review.md","2395","docs","documentation","tracked","retain"
"docs/audit/e5/presentation_inventory.md","9290","docs","documentation","tracked","retain"
"docs/audit/e5/remaining_presentation_hotspots.md","1887","docs","documentation","tracked","retain"
"docs/audit/e5/repository_file_inventory_after_ui_refactor.csv","45204","docs","documentation","tracked","retain"
"docs/audit/e5/ui_consistency_report.md","3652","docs","documentation","tracked","retain"
"docs/audit/e6/asset_cleanup_report.md","2052","docs","documentation","tracked","retain"
"docs/audit/e6/branch_consolidation_report.md","2188","docs","documentation","tracked","retain"
"docs/audit/e6/dead_files_removed.md","1700","docs","documentation","tracked","retain"
"docs/audit/e6/dependency_cleanup_report.md","3851","docs","documentation","tracked","retain"
"docs/audit/e6/git_maintenance_report.md","1231","docs","documentation","tracked","retain"
"docs/audit/e6/official_size_optimization_research.md","3974","docs","documentation","tracked","retain"
"docs/audit/e6/repository_file_inventory_after_cleanup.csv","41438","docs","documentation","tracked","retain"
"docs/audit/e6/size_and_cleanup_results.md","4123","docs","documentation","tracked","retain"
"docs/audit/e6/size_baseline_before_cleanup.md","4511","docs","documentation","tracked","retain"
"docs/build/generated_files_policy.md","1955","docs","documentation","tracked","retain"
"docs/build/release_build_and_packaging.md","4176","docs","documentation","tracked","retain"
"docs/checksums_v0_2_0_rc1.txt","256","docs","source_or_config","tracked","retain"
"docs/checksums_v0_2_0.txt","244","docs","source_or_config","tracked","retain"
"docs/checksums_v0_3_0_rc1.txt","413","docs","source_or_config","tracked","retain"
"docs/domain/domain_data_ownership.md","3414","docs","documentation","tracked","retain"
"docs/export/library_export_format_v1.md","5985","docs","documentation","tracked","retain"
"docs/install_and_portability.md","4482","docs","documentation","tracked","retain"
"docs/migrations/offline_schema_5_to_6.md","4829","docs","documentation","tracked","retain"
"docs/planning/branch_consolidation_plan.md","1692","docs","documentation","tracked","retain"
"docs/planning/e2_completion_report.md","16487","docs","documentation","tracked","retain"
"docs/planning/e2_sync_removal_plan.md","4776","docs","documentation","tracked","retain"
"docs/planning/e3_completion_report.md","11614","docs","documentation","tracked","retain"
"docs/planning/e4_completion_report.md","4943","docs","documentation","tracked","retain"
"docs/planning/e5_completion_report.md","10777","docs","documentation","tracked","retain"
"docs/planning/e6_completion_report.md","6432","docs","documentation","tracked","retain"
"docs/planning/offline_product_scope.md","3720","docs","documentation","tracked","retain"
"docs/planning/repository_weight_reduction_plan.md","2829","docs","documentation","tracked","retain"
"docs/planning/revised_delivery_plan.md","2718","docs","documentation","tracked","retain"
"docs/presentation/component_guidelines.md","2313","docs","documentation","tracked","retain"
"docs/presentation/responsive_guidelines.md","2067","docs","documentation","tracked","retain"
"docs/presentation/ux_copy_glossary.md","1834","docs","documentation","tracked","retain"
"docs/qa_v0_2_checklist.md","3094","docs","documentation","tracked","retain"
"docs/qa_v0_3_checklist.md","2445","docs","documentation","tracked","retain"
"docs/qa_v1_checklist.md","2876","docs","documentation","tracked","retain"
"docs/release_notes_v0_2.md","4292","docs","documentation","tracked","retain"
"docs/release_notes_v0_3.md","2962","docs","documentation","tracked","retain"
"docs/release_notes_v1.md","2335","docs","documentation","tracked","retain"
"l10n.yaml","124","l10n.yaml","source_or_config","tracked","retain"
"lib/app/bootstrap/backlog_vault_app.dart","1189","lib","source_or_config","tracked","retain"
"lib/app/routing/app_router.dart","2519","lib","source_or_config","tracked","retain"
"lib/app/routing/app_shell.dart","4206","lib","source_or_config","tracked","retain"
"lib/app/theme/app_theme.dart","13540","lib","source_or_config","tracked","retain"
"lib/core/database/app_database.dart","4021","lib","source_or_config","tracked","retain"
"lib/core/database/app_database.g.dart","343125","lib","tracked_generated","tracked","retain"
"lib/core/database/database_providers.dart","235","lib","source_or_config","tracked","retain"
"lib/core/database/tables.dart","5539","lib","source_or_config","tracked","retain"
"lib/core/design_system/bv_action_card.dart","3254","lib","source_or_config","tracked","retain"
"lib/core/design_system/bv_async_action_button.dart","1674","lib","source_or_config","tracked","retain"
"lib/core/design_system/bv_breakpoints.dart","752","lib","source_or_config","tracked","retain"
"lib/core/design_system/bv_chip.dart","3461","lib","source_or_config","tracked","retain"
"lib/core/design_system/bv_danger_zone.dart","1301","lib","source_or_config","tracked","retain"
"lib/core/design_system/bv_empty_state.dart","2316","lib","source_or_config","tracked","retain"
"lib/core/design_system/bv_error_state.dart","2555","lib","source_or_config","tracked","retain"
"lib/core/design_system/bv_feedback.dart","531","lib","source_or_config","tracked","retain"
"lib/core/design_system/bv_key_value_row.dart","1564","lib","source_or_config","tracked","retain"
"lib/core/design_system/bv_layout.dart","352","lib","source_or_config","tracked","retain"
"lib/core/design_system/bv_loading_state.dart","1044","lib","source_or_config","tracked","retain"
"lib/core/design_system/bv_page_scaffold.dart","1379","lib","source_or_config","tracked","retain"
"lib/core/design_system/bv_panel.dart","881","lib","source_or_config","tracked","retain"
"lib/core/design_system/bv_progress_panel.dart","1786","lib","source_or_config","tracked","retain"
"lib/core/design_system/bv_section.dart","1863","lib","source_or_config","tracked","retain"
"lib/core/design_system/bv_spacing.dart","755","lib","source_or_config","tracked","retain"
"lib/core/design_system/bv_stat_card.dart","2191","lib","source_or_config","tracked","retain"
"lib/core/design_system/bv_status_banner.dart","2861","lib","source_or_config","tracked","retain"
"lib/core/design_system/bv_surface.dart","1901","lib","source_or_config","tracked","retain"
"lib/core/design_system/bv_theme_extension.dart","4174","lib","source_or_config","tracked","retain"
"lib/core/design_system/bv_tokens.dart","1868","lib","source_or_config","tracked","retain"
"lib/core/design_system/bv_wizard_step.dart","1521","lib","source_or_config","tracked","retain"
"lib/core/errors/app_exception.dart","150","lib","source_or_config","tracked","retain"
"lib/core/formatting/date_formatters.dart","216","lib","source_or_config","tracked","retain"
"lib/core/ids/id_generator.dart","213","lib","source_or_config","tracked","retain"
"lib/core/privacy/privacy_redactor.dart","1974","lib","source_or_config","tracked","retain"
"lib/core/storage/offline_secure_storage_cleanup.dart","2120","lib","source_or_config","tracked","retain"
"lib/core/time/clock.dart","100","lib","source_or_config","tracked","retain"
"lib/core/version/app_versions.dart","105","lib","source_or_config","tracked","retain"
"lib/core/widgets/dropdown_value_guard.dart","229","lib","source_or_config","tracked","retain"
"lib/features/bulk_metadata_import/application/apply_bulk_metadata_plan_use_case.dart","6967","lib","source_or_config","tracked","retain"
"lib/features/bulk_metadata_import/application/build_bulk_metadata_plan_use_case.dart","12474","lib","source_or_config","tracked","retain"
"lib/features/bulk_metadata_import/application/bulk_cover_plan_resolver.dart","5104","lib","source_or_config","tracked","retain"
"lib/features/bulk_metadata_import/application/bulk_import_scope_filter.dart","1038","lib","source_or_config","tracked","retain"
"lib/features/bulk_metadata_import/application/bulk_match_scorer.dart","4818","lib","source_or_config","tracked","retain"
"lib/features/bulk_metadata_import/application/bulk_metadata_diff_builder.dart","5480","lib","source_or_config","tracked","retain"
"lib/features/bulk_metadata_import/application/bulk_metadata_import_providers.dart","3623","lib","source_or_config","tracked","retain"
"lib/features/bulk_metadata_import/domain/bulk_metadata_import_models.dart","13980","lib","source_or_config","tracked","retain"
"lib/features/bulk_metadata_import/presentation/bulk_metadata_import_page.dart","18378","lib","source_or_config","tracked","retain"
"lib/features/bulk_metadata_import/presentation/parts/bulk_apply_confirmation.dart","2593","lib","source_or_config","tracked","retain"
"lib/features/bulk_metadata_import/presentation/parts/bulk_options.dart","13428","lib","source_or_config","tracked","retain"
"lib/features/bulk_metadata_import/presentation/parts/bulk_preview.dart","23537","lib","source_or_config","tracked","retain"
"lib/features/bulk_metadata_import/presentation/parts/bulk_result.dart","8808","lib","source_or_config","tracked","retain"
"lib/features/catalogs/application/catalog_controller.dart","1562","lib","source_or_config","tracked","retain"
"lib/features/catalogs/data/catalog_repository.dart","11683","lib","source_or_config","tracked","retain"
"lib/features/catalogs/domain/catalog_item.dart","396","lib","source_or_config","tracked","retain"
"lib/features/catalogs/domain/catalog_normalizer.dart","2211","lib","source_or_config","tracked","retain"
"lib/features/games/application/game_form_model.dart","1203","lib","source_or_config","tracked","retain"
"lib/features/games/application/game_progress_summary.dart","1843","lib","source_or_config","tracked","retain"
"lib/features/games/application/game_view_models.dart","5142","lib","source_or_config","tracked","retain"
"lib/features/games/application/library_game_details.dart","2613","lib","source_or_config","tracked","retain"
"lib/features/games/data/game_repository.dart","21933","lib","source_or_config","tracked","retain"
"lib/features/games/presentation/game_detail_page.dart","7023","lib","source_or_config","tracked","retain"
"lib/features/games/presentation/game_form_page.dart","28691","lib","source_or_config","tracked","retain"
"lib/features/games/presentation/parts/game_detail_actions.dart","5338","lib","source_or_config","tracked","retain"
"lib/features/games/presentation/parts/game_detail_sections.dart","19025","lib","source_or_config","tracked","retain"
"lib/features/games/presentation/parts/game_form_metadata.dart","18538","lib","source_or_config","tracked","retain"
"lib/features/games/presentation/parts/game_form_sections.dart","11285","lib","source_or_config","tracked","retain"
"lib/features/games/presentation/parts/playthrough_dialogs.dart","13089","lib","source_or_config","tracked","retain"
"lib/features/import_export/library_export/application/library_export_controller.dart","2238","lib","source_or_config","tracked","retain"
"lib/features/import_export/library_export/data/library_export_file_saver.dart","1288","lib","source_or_config","tracked","retain"
"lib/features/import_export/library_export/data/library_export_repository.dart","8372","lib","source_or_config","tracked","retain"
"lib/features/import_export/library_export/domain/library_export_document.dart","3897","lib","source_or_config","tracked","retain"
"lib/features/import_export/notion_csv/application/build_import_preview_use_case.dart","6815","lib","source_or_config","tracked","retain"
"lib/features/import_export/notion_csv/application/csv_normalizer.dart","7106","lib","source_or_config","tracked","retain"
"lib/features/import_export/notion_csv/application/detect_notion_csv_mapping_use_case.dart","2088","lib","source_or_config","tracked","retain"
"lib/features/import_export/notion_csv/application/duplicate_detector.dart","2432","lib","source_or_config","tracked","retain"
"lib/features/import_export/notion_csv/application/import_notion_csv_use_case.dart","368","lib","source_or_config","tracked","retain"
"lib/features/import_export/notion_csv/application/notion_csv_import_providers.dart","3772","lib","source_or_config","tracked","retain"
"lib/features/import_export/notion_csv/application/parse_csv_file_use_case.dart","483","lib","source_or_config","tracked","retain"
"lib/features/import_export/notion_csv/data/csv_file_picker_service.dart","1079","lib","source_or_config","tracked","retain"
"lib/features/import_export/notion_csv/data/csv_parser.dart","3933","lib","source_or_config","tracked","retain"
"lib/features/import_export/notion_csv/data/notion_csv_import_repository.dart","9133","lib","source_or_config","tracked","retain"
"lib/features/import_export/notion_csv/domain/csv_column_mapping.dart","791","lib","source_or_config","tracked","retain"
"lib/features/import_export/notion_csv/domain/csv_document.dart","616","lib","source_or_config","tracked","retain"
"lib/features/import_export/notion_csv/domain/duplicate_candidate.dart","311","lib","source_or_config","tracked","retain"
"lib/features/import_export/notion_csv/domain/existing_game_summary.dart","232","lib","source_or_config","tracked","retain"
"lib/features/import_export/notion_csv/domain/import_field.dart","714","lib","source_or_config","tracked","retain"
"lib/features/import_export/notion_csv/domain/import_issue.dart","385","lib","source_or_config","tracked","retain"
"lib/features/import_export/notion_csv/domain/import_preview.dart","723","lib","source_or_config","tracked","retain"
"lib/features/import_export/notion_csv/domain/import_result.dart","435","lib","source_or_config","tracked","retain"
"lib/features/import_export/notion_csv/domain/normalized_import_row.dart","2069","lib","source_or_config","tracked","retain"
"lib/features/import_export/notion_csv/presentation/import_notion_csv_page.dart","6554","lib","source_or_config","tracked","retain"
"lib/features/import_export/notion_csv/presentation/parts/csv_file_step.dart","1859","lib","source_or_config","tracked","retain"
"lib/features/import_export/notion_csv/presentation/parts/csv_mapping_step.dart","2222","lib","source_or_config","tracked","retain"
"lib/features/import_export/notion_csv/presentation/parts/csv_preview_step.dart","6219","lib","source_or_config","tracked","retain"
"lib/features/import_export/notion_csv/presentation/parts/csv_result_step.dart","2167","lib","source_or_config","tracked","retain"
"lib/features/library/application/library_default_views.dart","1741","lib","source_or_config","tracked","retain"
"lib/features/library/application/library_home_summary.dart","3242","lib","source_or_config","tracked","retain"
"lib/features/library/application/library_providers.dart","607","lib","source_or_config","tracked","retain"
"lib/features/library/application/library_responsive_layout.dart","582","lib","source_or_config","tracked","retain"
"lib/features/library/application/library_table_processor.dart","6102","lib","source_or_config","tracked","retain"
"lib/features/library/application/library_table_state.dart","1489","lib","source_or_config","tracked","retain"
"lib/features/library/application/library_view_model.dart","2380","lib","source_or_config","tracked","retain"
"lib/features/library/data/library_query_repository.dart","9181","lib","source_or_config","tracked","retain"
"lib/features/library/data/saved_library_view_repository.dart","3913","lib","source_or_config","tracked","retain"
"lib/features/library/domain/game_status.dart","1644","lib","source_or_config","tracked","retain"
"lib/features/library/domain/library_column_config.dart","3183","lib","source_or_config","tracked","retain"
"lib/features/library/domain/library_filter_state.dart","7348","lib","source_or_config","tracked","retain"
"lib/features/library/domain/library_game_row.dart","1275","lib","source_or_config","tracked","retain"
"lib/features/library/domain/library_layout_mode.dart","284","lib","source_or_config","tracked","retain"
"lib/features/library/domain/library_sort_state.dart","1430","lib","source_or_config","tracked","retain"
"lib/features/library/domain/library_table_summary.dart","1817","lib","source_or_config","tracked","retain"
"lib/features/library/domain/rating.dart","270","lib","source_or_config","tracked","retain"
"lib/features/library/domain/saved_library_view.dart","1194","lib","source_or_config","tracked","retain"
"lib/features/library/presentation/game_list_page.dart","13686","lib","source_or_config","tracked","retain"
"lib/features/library/presentation/home_page.dart","12679","lib","source_or_config","tracked","retain"
"lib/features/library/presentation/widgets/library_actions.dart","12349","lib","source_or_config","tracked","retain"
"lib/features/library/presentation/widgets/library_catalog_widgets.dart","1281","lib","source_or_config","tracked","retain"
"lib/features/library/presentation/widgets/library_cover_thumbnail.dart","1896","lib","source_or_config","tracked","retain"
"lib/features/library/presentation/widgets/library_filter_dialogs.dart","14058","lib","source_or_config","tracked","retain"
"lib/features/library/presentation/widgets/library_filter_sidebar.dart","8020","lib","source_or_config","tracked","retain"
"lib/features/library/presentation/widgets/library_grid_widgets.dart","6566","lib","source_or_config","tracked","retain"
"lib/features/library/presentation/widgets/library_list_widgets.dart","5619","lib","source_or_config","tracked","retain"
"lib/features/library/presentation/widgets/library_results.dart","8897","lib","source_or_config","tracked","retain"
"lib/features/library/presentation/widgets/library_summary_widgets.dart","3906","lib","source_or_config","tracked","retain"
"lib/features/library/presentation/widgets/library_toolbar.dart","14831","lib","source_or_config","tracked","retain"
"lib/features/library/presentation/widgets/rating_stars.dart","642","lib","source_or_config","tracked","retain"
"lib/features/media/application/media_providers.dart","4084","lib","source_or_config","tracked","retain"
"lib/features/media/application/media_use_cases.dart","1432","lib","source_or_config","tracked","retain"
"lib/features/media/data/igdb_media_provider.dart","4438","lib","source_or_config","tracked","retain"
"lib/features/media/data/local_cover_picker_service.dart","521","lib","source_or_config","tracked","retain"
"lib/features/media/data/media_file_storage.dart","4724","lib","source_or_config","tracked","retain"
"lib/features/media/data/media_repository.dart","14564","lib","source_or_config","tracked","retain"
"lib/features/media/data/steamgriddb_api_client.dart","6861","lib","source_or_config","tracked","retain"
"lib/features/media/data/steamgriddb_media_provider.dart","1623","lib","source_or_config","tracked","retain"
"lib/features/media/domain/igdb_cover_mapper.dart","622","lib","source_or_config","tracked","retain"
"lib/features/media/domain/media_asset_models.dart","2540","lib","source_or_config","tracked","retain"
"lib/features/media/domain/media_exception.dart","405","lib","source_or_config","tracked","retain"
"lib/features/media/domain/media_provider.dart","335","lib","source_or_config","tracked","retain"
"lib/features/media/presentation/media_search_dialog.dart","12382","lib","source_or_config","tracked","retain"
"lib/features/media/presentation/parts/media_search_widgets.dart","4937","lib","source_or_config","tracked","retain"
"lib/features/metadata/application/apply_metadata_use_case.dart","316","lib","source_or_config","tracked","retain"
"lib/features/metadata/application/build_metadata_diff_use_case.dart","4518","lib","source_or_config","tracked","retain"
"lib/features/metadata/application/get_metadata_details_use_case.dart","325","lib","source_or_config","tracked","retain"
"lib/features/metadata/application/metadata_providers.dart","3446","lib","source_or_config","tracked","retain"
"lib/features/metadata/application/search_metadata_use_case.dart","591","lib","source_or_config","tracked","retain"
"lib/features/metadata/data/igdb_api_client.dart","10665","lib","source_or_config","tracked","retain"
"lib/features/metadata/data/igdb_auth_client.dart","3990","lib","source_or_config","tracked","retain"
"lib/features/metadata/data/igdb_metadata_provider.dart","2564","lib","source_or_config","tracked","retain"
"lib/features/metadata/data/metadata_api_key_storage.dart","5946","lib","source_or_config","tracked","retain"
"lib/features/metadata/data/metadata_repository.dart","11843","lib","source_or_config","tracked","retain"
"lib/features/metadata/data/rawg_api_client.dart","7337","lib","source_or_config","tracked","retain"
"lib/features/metadata/data/rawg_metadata_provider.dart","1483","lib","source_or_config","tracked","retain"
"lib/features/metadata/domain/apply_metadata_request.dart","553","lib","source_or_config","tracked","retain"
"lib/features/metadata/domain/external_game_details.dart","1052","lib","source_or_config","tracked","retain"
"lib/features/metadata/domain/local_metadata_snapshot.dart","416","lib","source_or_config","tracked","retain"
"lib/features/metadata/domain/metadata_diff.dart","672","lib","source_or_config","tracked","retain"
"lib/features/metadata/domain/metadata_exception.dart","382","lib","source_or_config","tracked","retain"
"lib/features/metadata/domain/metadata_field.dart","358","lib","source_or_config","tracked","retain"
"lib/features/metadata/domain/metadata_provider.dart","327","lib","source_or_config","tracked","retain"
"lib/features/metadata/domain/metadata_search_candidate.dart","627","lib","source_or_config","tracked","retain"
"lib/features/metadata/presentation/metadata_search_dialog.dart","15588","lib","source_or_config","tracked","retain"
"lib/features/metadata/presentation/parts/metadata_search_widgets.dart","7420","lib","source_or_config","tracked","retain"
"lib/features/playthroughs/application/completion_form_model.dart","646","lib","source_or_config","tracked","retain"
"lib/features/playthroughs/application/playthrough_form_model.dart","1221","lib","source_or_config","tracked","retain"
"lib/features/playthroughs/data/playthrough_repository.dart","4608","lib","source_or_config","tracked","retain"
"lib/features/playthroughs/domain/playthrough_status.dart","611","lib","source_or_config","tracked","retain"
"lib/features/settings/application/app_language.dart","1734","lib","source_or_config","tracked","retain"
"lib/features/settings/application/external_credentials_view_model.dart","3470","lib","source_or_config","tracked","retain"
"lib/features/settings/presentation/parts/settings_sections.dart","6833","lib","source_or_config","tracked","retain"
"lib/features/settings/presentation/settings_page.dart","12176","lib","source_or_config","tracked","retain"
"lib/features/statistics/application/library_statistics_calculator.dart","7630","lib","source_or_config","tracked","retain"
"lib/features/statistics/application/statistics_providers.dart","543","lib","source_or_config","tracked","retain"
"lib/features/statistics/data/statistics_repository.dart","1013","lib","source_or_config","tracked","retain"
"lib/features/statistics/domain/statistics_models.dart","3641","lib","source_or_config","tracked","retain"
"lib/features/statistics/presentation/parts/statistics_breakdowns.dart","6375","lib","source_or_config","tracked","retain"
"lib/features/statistics/presentation/parts/statistics_dashboard.dart","7170","lib","source_or_config","tracked","retain"
"lib/features/statistics/presentation/parts/statistics_recent.dart","4824","lib","source_or_config","tracked","retain"
"lib/features/statistics/presentation/statistics_page.dart","4072","lib","source_or_config","tracked","retain"
"lib/l10n/app_en.arb","29189","lib","source_or_config","tracked","retain"
"lib/l10n/app_es.arb","30389","lib","source_or_config","tracked","retain"
"lib/l10n/app_localizations_en.dart","46561","lib","tracked_generated","tracked","retain"
"lib/l10n/app_localizations_es.dart","47806","lib","tracked_generated","tracked","retain"
"lib/l10n/app_localizations.dart","105900","lib","tracked_generated","tracked","retain"
"lib/l10n/domain_localizations.dart","5893","lib","source_or_config","tracked","retain"
"lib/l10n/l10n.dart","383","lib","source_or_config","tracked","retain"
"lib/main.dart","1083","lib","source_or_config","tracked","retain"
"pubspec.lock","31962","pubspec.lock","source_or_config","tracked","retain"
"pubspec.yaml","920","pubspec.yaml","source_or_config","tracked","retain"
"README.es.md","6383","README.es.md","documentation","tracked","retain"
"README.md","6996","README.md","documentation","tracked","retain"
"test/app/app_shell_test.dart","2527","test","test","tracked","retain"
"test/app/theme_test.dart","1781","test","test","tracked","retain"
"test/architecture/offline_architecture_test.dart","5683","test","test","tracked","retain"
"test/core/database/offline_schema_migration_test.dart","5141","test","test","tracked","retain"
"test/core/design_system/bv_components_test.dart","3328","test","test","tracked","retain"
"test/core/design_system/bv_presentation_states_test.dart","3874","test","test","tracked","retain"
"test/core/privacy/privacy_redactor_test.dart","3827","test","test","tracked","retain"
"test/core/storage/offline_secure_storage_cleanup_test.dart","2669","test","test","tracked","retain"
"test/core/widgets/dropdown_value_guard_test.dart","471","test","test","tracked","retain"
"test/features/bulk_metadata_import/application/bulk_metadata_import_test.dart","49250","test","test","tracked","retain"
"test/features/bulk_metadata_import/presentation/bulk_metadata_import_page_test.dart","9615","test","test","tracked","retain"
"test/features/catalogs/catalog_repository_test.dart","3170","test","test","tracked","retain"
"test/features/games/application/game_form_model_test.dart","1184","test","test","tracked","retain"
"test/features/games/application/game_view_models_test.dart","2593","test","test","tracked","retain"
"test/features/games/data/game_progress_realistic_import_test.dart","3043","test","test","tracked","retain"
"test/features/games/data/game_progress_repository_test.dart","13298","test","test","tracked","retain"
"test/features/games/data/game_repository_bulk_delete_test.dart","1783","test","test","tracked","retain"
"test/features/games/presentation/game_detail_page_test.dart","7359","test","test","tracked","retain"
"test/features/games/presentation/game_form_page_test.dart","6636","test","test","tracked","retain"
"test/features/import_export/library_export/library_export_file_saver_test.dart","3912","test","test","tracked","retain"
"test/features/import_export/library_export/library_export_repository_test.dart","10824","test","test","tracked","retain"
"test/features/import_export/notion_csv/csv_parser_test.dart","1512","test","test","tracked","retain"
"test/features/import_export/notion_csv/mapping_and_normalizer_test.dart","4504","test","test","tracked","retain"
"test/features/import_export/notion_csv/notion_csv_import_repository_test.dart","4342","test","test","tracked","retain"
"test/features/import_export/notion_csv/presentation/import_notion_csv_page_test.dart","1157","test","test","tracked","retain"
"test/features/import_export/notion_csv/preview_and_duplicates_test.dart","3901","test","test","tracked","retain"
"test/features/library/application/library_home_summary_test.dart","3394","test","test","tracked","retain"
"test/features/library/application/library_layout_mode_test.dart","1837","test","test","tracked","retain"
"test/features/library/application/library_responsive_layout_test.dart","1779","test","test","tracked","retain"
"test/features/library/application/library_table_processor_test.dart","8910","test","test","tracked","retain"
"test/features/library/data/library_query_repository_test.dart","7111","test","test","tracked","retain"
"test/features/library/data/library_table_realistic_import_test.dart","5685","test","test","tracked","retain"
"test/features/library/data/saved_library_view_repository_test.dart","2110","test","test","tracked","retain"
"test/features/library/data/schema_migration_test.dart","10086","test","test","tracked","retain"
"test/features/library/domain/game_status_test.dart","1006","test","test","tracked","retain"
"test/features/library/domain/rating_test.dart","762","test","test","tracked","retain"
"test/features/library/presentation/game_list_page_test.dart","7419","test","test","tracked","retain"
"test/features/library/presentation/home_page_test.dart","3855","test","test","tracked","retain"
"test/features/library/presentation/library_catalog_widgets_test.dart","7761","test","test","tracked","retain"
"test/features/library/presentation/library_cover_thumbnail_test.dart","1985","test","test","tracked","retain"
"test/features/library/presentation/library_row_actions_test.dart","1897","test","test","tracked","retain"
"test/features/media/application/media_search_view_model_test.dart","1715","test","test","tracked","retain"
"test/features/media/data/igdb_media_provider_test.dart","6830","test","test","tracked","retain"
"test/features/media/data/media_file_storage_test.dart","4110","test","test","tracked","retain"
"test/features/media/data/media_repository_test.dart","10625","test","test","tracked","retain"
"test/features/media/data/steamgriddb_api_client_test.dart","2322","test","test","tracked","retain"
"test/features/media/data/steamgriddb_media_provider_test.dart","1840","test","test","tracked","retain"
"test/features/media/fixtures/steamgriddb_auth_error.json","53","test","test","tracked","retain"
"test/features/media/fixtures/steamgriddb_empty_results.json","36","test","test","tracked","retain"
"test/features/media/fixtures/steamgriddb_grids_hades.json","654","test","test","tracked","retain"
"test/features/media/fixtures/steamgriddb_search_hades.json","243","test","test","tracked","retain"
"test/features/media/presentation/media_search_dialog_test.dart","6422","test","test","tracked","retain"
"test/features/metadata/application/metadata_diff_test.dart","3068","test","test","tracked","retain"
"test/features/metadata/application/metadata_use_cases_test.dart","3457","test","test","tracked","retain"
"test/features/metadata/data/igdb_api_client_test.dart","7563","test","test","tracked","retain"
"test/features/metadata/data/igdb_auth_client_test.dart","2544","test","test","tracked","retain"
"test/features/metadata/data/igdb_metadata_provider_test.dart","4974","test","test","tracked","retain"
"test/features/metadata/data/metadata_api_key_storage_test.dart","1942","test","test","tracked","retain"
"test/features/metadata/data/metadata_repository_test.dart","11136","test","test","tracked","retain"
"test/features/metadata/data/rawg_api_client_test.dart","3620","test","test","tracked","retain"
"test/features/metadata/presentation/metadata_search_dialog_test.dart","6518","test","test","tracked","retain"
"test/features/playthroughs/application/completion_form_model_test.dart","931","test","test","tracked","retain"
"test/features/playthroughs/application/playthrough_form_model_test.dart","1639","test","test","tracked","retain"
"test/features/settings/application/app_language_test.dart","1693","test","test","tracked","retain"
"test/features/settings/application/external_credentials_view_model_test.dart","3361","test","test","tracked","retain"
"test/features/settings/presentation/settings_page_test.dart","5498","test","test","tracked","retain"
"test/features/statistics/application/library_statistics_calculator_test.dart","7387","test","test","tracked","retain"
"test/features/statistics/data/statistics_repository_test.dart","2347","test","test","tracked","retain"
"test/features/statistics/presentation/statistics_page_test.dart","6283","test","test","tracked","retain"
"test/fixtures/igdb_details_with_cover.json","549","test","test","tracked","retain"
"test/fixtures/igdb_details_without_cover.json","319","test","test","tracked","retain"
"test/fixtures/igdb_details.json","511","test","test","tracked","retain"
"test/fixtures/igdb_search.json","746","test","test","tracked","retain"
"test/fixtures/igdb_token.json","93","test","test","tracked","retain"
"test/fixtures/notion_ambiguous_dates.csv","98","test","documentation","tracked","retain"
"test/fixtures/notion_basic.csv","172","test","documentation","tracked","retain"
"test/fixtures/notion_duplicates.csv","99","test","documentation","tracked","retain"
"test/fixtures/notion_missing_title.csv","24","test","documentation","tracked","retain"
"test/fixtures/notion_multi_values.csv","89","test","documentation","tracked","retain"
"test/fixtures/notion_quotes.csv","138","test","documentation","tracked","retain"
"test/fixtures/notion_realistic_export.csv","405","test","documentation","tracked","retain"
"test/fixtures/notion_semicolon.csv","120","test","documentation","tracked","retain"
"test/fixtures/notion_two_valid_rows.csv","54","test","documentation","tracked","retain"
"test/fixtures/rawg_details.json","503","test","test","tracked","retain"
"test/fixtures/rawg_search.json","846","test","test","tracked","retain"
"test/fixtures/schema_v5_fixture.dart","12495","test","test","tracked","retain"
"test/l10n/app_localizations_test.dart","3193","test","test","tracked","retain"
"test/tool/release_scripts_test.dart","2138","test","test","tracked","retain"
"third_party/flutter_secure_storage_windows/lib/flutter_secure_storage_windows.dart","164","third_party","source_or_config","tracked","retain"
"third_party/flutter_secure_storage_windows/lib/src/flutter_secure_storage_windows_ffi.dart","14627","third_party","source_or_config","tracked","retain"
"third_party/flutter_secure_storage_windows/lib/src/flutter_secure_storage_windows_stub.dart","1556","third_party","source_or_config","tracked","retain"
"third_party/flutter_secure_storage_windows/LICENSE","1509","third_party","source_or_config","tracked","retain"
"third_party/flutter_secure_storage_windows/pubspec.yaml","736","third_party","source_or_config","tracked","retain"
"third_party/flutter_secure_storage_windows/windows/CMakeLists.txt","1113","third_party","source_or_config","tracked","retain"
"third_party/flutter_secure_storage_windows/windows/flutter_secure_storage_windows_plugin.cpp","31351","third_party","source_or_config","tracked","retain"
"third_party/flutter_secure_storage_windows/windows/include/flutter_secure_storage_windows/flutter_secure_storage_windows_plugin.h","609","third_party","source_or_config","tracked","retain"
"tool/build_release.ps1","1206","tool","build_tool","tracked","retain"
"tool/check_repository_hygiene.ps1","2559","tool","build_tool","tracked","retain"
"tool/clean_workspace.ps1","1282","tool","build_tool","tracked","retain"
"tool/measure_artifacts.ps1","2551","tool","build_tool","tracked","retain"
"tool/package_android.ps1","3961","tool","build_tool","tracked","retain"
"tool/package_windows.ps1","6312","tool","build_tool","tracked","retain"
"tool/release_common.ps1","3074","tool","build_tool","tracked","retain"
"windows/.gitignore","308","windows","platform_source","tracked","retain"
"windows/CMakeLists.txt","4270","windows","platform_source","tracked","retain"
"windows/flutter/CMakeLists.txt","3851","windows","platform_source","tracked","retain"
"windows/flutter/generated_plugin_registrant.cc","381","windows","tracked_generated","tracked","retain"
"windows/flutter/generated_plugin_registrant.h","302","windows","tracked_generated","tracked","retain"
"windows/flutter/generated_plugins.cmake","782","windows","tracked_generated","tracked","retain"
"windows/runner/CMakeLists.txt","1836","windows","platform_source","tracked","retain"
"windows/runner/flutter_window.cpp","2193","windows","platform_source","tracked","retain"
"windows/runner/flutter_window.h","961","windows","platform_source","tracked","retain"
"windows/runner/main.cpp","1309","windows","platform_source","tracked","retain"
"windows/runner/resource.h","448","windows","platform_source","tracked","retain"
"windows/runner/resources/app_icon.ico","33772","windows","asset_or_fixture","tracked","retain"
"windows/runner/runner.exe.manifest","616","windows","platform_source","tracked","retain"
"windows/runner/Runner.rc","3166","windows","platform_source","tracked","retain"
"windows/runner/utils.cpp","2237","windows","platform_source","tracked","retain"
"windows/runner/utils.h","691","windows","platform_source","tracked","retain"
"windows/runner/win32_window.cpp","8822","windows","platform_source","tracked","retain"
"windows/runner/win32_window.h","3624","windows","platform_source","tracked","retain"
